sample_id,file_path,relative_path,emotion,sample_rate,duration_seconds
1,D:\Intern tasks\Task2_Emotion_Recognition_from_Speech\data\audio_samples\neutral\neutral_001.wav,neutral\neutral_001.wav,neutral,22050,2.5
2,D:\Intern tasks\Task2_Emotion_Recognition_from_Speech\data\audio_samples\neutral\neutral_002.wav,neutral\neutral_002.wav,neutral,22050,2.5
3,D:\Intern tasks\Task2_Emotion_Recognition_from_Speech\data\audio_samples\neutral\neutral_003.wav,neutral\neutral_003.wav,neutral,22050,2.5
4,D:\Intern tasks\Task2_Emotion_Recognition_from_Speech\data\audio_samples\neutral\neutral_004.wav,neutral\neutral_004.wav,neutral,22050,2.5
5,D:\Intern tasks\Task2_Emotion_Recognition_from_Speech\data\audio_samples\neutral\neutral_005.wav,neutral\neutral_005.wav,neutral,22050,2.5
6,D:\Intern tasks\Task2_Emotion_Recognition_from_Speech\data\audio_samples\neutral\neutral_006.wav,neutral\neutral_006.wav,neutral,22050,2.5
7,D:\Intern tasks\Task2_Emotion_Recognition_from_Speech\data\audio_samples\neutral\neutral_007.wav,neutral\neutral_007.wav,neutral,22050,2.5
8,D:\Intern tasks\Task2_Emotion_Recognition_from_Speech\data\audio_samples\neutral\neutral_008.wav,neutral\neutral_008.wav,neutral,22050,2.5
9,D:\Intern tasks\Task2_Emotion_Recognition_from_Speech\data\audio_samples\neutral\neutral_009.wav,neutral\neutral_009.wav,neutral,22050,2.5
10,D:\Intern tasks\Task2_Emotion_Recognition_from_Speech\data\audio_samples\neutral\neutral_010.wav,neutral\neutral_010.wav,neutral,22050,2.5
11,D:\Intern tasks\Task2_Emotion_Recognition_from_Speech\data\audio_samples\neutral\neutral_011.wav,neutral\neutral_011.wav,neutral,22050,2.5
12,D:\Intern tasks\Task2_Emotion_Recognition_from_Speech\data\audio_samples\neutral\neutral_012.wav,neutral\neutral_012.wav,neutral,22050,2.5
13,D:\Intern tasks\Task2_Emotion_Recognition_from_Speech\data\audio_samples\neutral\neutral_013.wav,neutral\neutral_013.wav,neutral,22050,2.5
14,D:\Intern tasks\Task2_Emotion_Recognition_from_Speech\data\audio_samples\neutral\neutral_014.wav,neutral\neutral_014.wav,neutral,22050,2.5
15,D:\Intern tasks\Task2_Emotion_Recognition_from_Speech\data\audio_samples\neutral\neutral_015.wav,neutral\neutral_015.wav,neutral,22050,2.5
16,D:\Intern tasks\Task2_Emotion_Recognition_from_Speech\data\audio_samples\neutral\neutral_016.wav,neutral\neutral_016.wav,neutral,22050,2.5
17,D:\Intern tasks\Task2_Emotion_Recognition_from_Speech\data\audio_samples\neutral\neutral_017.wav,neutral\neutral_017.wav,neutral,22050,2.5
18,D:\Intern tasks\Task2_Emotion_Recognition_from_Speech\data\audio_samples\neutral\neutral_018.wav,neutral\neutral_018.wav,neutral,22050,2.5
19,D:\Intern tasks\Task2_Emotion_Recognition_from_Speech\data\audio_samples\neutral\neutral_019.wav,neutral\neutral_019.wav,neutral,22050,2.5
20,D:\Intern tasks\Task2_Emotion_Recognition_from_Speech\data\audio_samples\neutral\neutral_020.wav,neutral\neutral_020.wav,neutral,22050,2.5
21,D:\Intern tasks\Task2_Emotion_Recognition_from_Speech\data\audio_samples\neutral\neutral_021.wav,neutral\neutral_021.wav,neutral,22050,2.5
22,D:\Intern tasks\Task2_Emotion_Recognition_from_Speech\data\audio_samples\neutral\neutral_022.wav,neutral\neutral_022.wav,neutral,22050,2.5
23,D:\Intern tasks\Task2_Emotion_Recognition_from_Speech\data\audio_samples\neutral\neutral_023.wav,neutral\neutral_023.wav,neutral,22050,2.5
24,D:\Intern tasks\Task2_Emotion_Recognition_from_Speech\data\audio_samples\neutral\neutral_024.wav,neutral\neutral_024.wav,neutral,22050,2.5
25,D:\Intern tasks\Task2_Emotion_Recognition_from_Speech\data\audio_samples\neutral\neutral_025.wav,neutral\neutral_025.wav,neutral,22050,2.5
26,D:\Intern tasks\Task2_Emotion_Recognition_from_Speech\data\audio_samples\neutral\neutral_026.wav,neutral\neutral_026.wav,neutral,22050,2.5
27,D:\Intern tasks\Task2_Emotion_Recognition_from_Speech\data\audio_samples\neutral\neutral_027.wav,neutral\neutral_027.wav,neutral,22050,2.5
28,D:\Intern tasks\Task2_Emotion_Recognition_from_Speech\data\audio_samples\neutral\neutral_028.wav,neutral\neutral_028.wav,neutral,22050,2.5
29,D:\Intern tasks\Task2_Emotion_Recognition_from_Speech\data\audio_samples\neutral\neutral_029.wav,neutral\neutral_029.wav,neutral,22050,2.5
30,D:\Intern tasks\Task2_Emotion_Recognition_from_Speech\data\audio_samples\neutral\neutral_030.wav,neutral\neutral_030.wav,neutral,22050,2.5
31,D:\Intern tasks\Task2_Emotion_Recognition_from_Speech\data\audio_samples\neutral\neutral_031.wav,neutral\neutral_031.wav,neutral,22050,2.5
32,D:\Intern tasks\Task2_Emotion_Recognition_from_Speech\data\audio_samples\neutral\neutral_032.wav,neutral\neutral_032.wav,neutral,22050,2.5
33,D:\Intern tasks\Task2_Emotion_Recognition_from_Speech\data\audio_samples\neutral\neutral_033.wav,neutral\neutral_033.wav,neutral,22050,2.5
34,D:\Intern tasks\Task2_Emotion_Recognition_from_Speech\data\audio_samples\neutral\neutral_034.wav,neutral\neutral_034.wav,neutral,22050,2.5
35,D:\Intern tasks\Task2_Emotion_Recognition_from_Speech\data\audio_samples\neutral\neutral_035.wav,neutral\neutral_035.wav,neutral,22050,2.5
36,D:\Intern tasks\Task2_Emotion_Recognition_from_Speech\data\audio_samples\neutral\neutral_036.wav,neutral\neutral_036.wav,neutral,22050,2.5
37,D:\Intern tasks\Task2_Emotion_Recognition_from_Speech\data\audio_samples\neutral\neutral_037.wav,neutral\neutral_037.wav,neutral,22050,2.5
38,D:\Intern tasks\Task2_Emotion_Recognition_from_Speech\data\audio_samples\neutral\neutral_038.wav,neutral\neutral_038.wav,neutral,22050,2.5
39,D:\Intern tasks\Task2_Emotion_Recognition_from_Speech\data\audio_samples\neutral\neutral_039.wav,neutral\neutral_039.wav,neutral,22050,2.5
40,D:\Intern tasks\Task2_Emotion_Recognition_from_Speech\data\audio_samples\neutral\neutral_040.wav,neutral\neutral_040.wav,neutral,22050,2.5
41,D:\Intern tasks\Task2_Emotion_Recognition_from_Speech\data\audio_samples\neutral\neutral_041.wav,neutral\neutral_041.wav,neutral,22050,2.5
42,D:\Intern tasks\Task2_Emotion_Recognition_from_Speech\data\audio_samples\neutral\neutral_042.wav,neutral\neutral_042.wav,neutral,22050,2.5
43,D:\Intern tasks\Task2_Emotion_Recognition_from_Speech\data\audio_samples\neutral\neutral_043.wav,neutral\neutral_043.wav,neutral,22050,2.5
44,D:\Intern tasks\Task2_Emotion_Recognition_from_Speech\data\audio_samples\neutral\neutral_044.wav,neutral\neutral_044.wav,neutral,22050,2.5
45,D:\Intern tasks\Task2_Emotion_Recognition_from_Speech\data\audio_samples\neutral\neutral_045.wav,neutral\neutral_045.wav,neutral,22050,2.5
46,D:\Intern tasks\Task2_Emotion_Recognition_from_Speech\data\audio_samples\neutral\neutral_046.wav,neutral\neutral_046.wav,neutral,22050,2.5
47,D:\Intern tasks\Task2_Emotion_Recognition_from_Speech\data\audio_samples\neutral\neutral_047.wav,neutral\neutral_047.wav,neutral,22050,2.5
48,D:\Intern tasks\Task2_Emotion_Recognition_from_Speech\data\audio_samples\neutral\neutral_048.wav,neutral\neutral_048.wav,neutral,22050,2.5
49,D:\Intern tasks\Task2_Emotion_Recognition_from_Speech\data\audio_samples\neutral\neutral_049.wav,neutral\neutral_049.wav,neutral,22050,2.5
50,D:\Intern tasks\Task2_Emotion_Recognition_from_Speech\data\audio_samples\neutral\neutral_050.wav,neutral\neutral_050.wav,neutral,22050,2.5
51,D:\Intern tasks\Task2_Emotion_Recognition_from_Speech\data\audio_samples\neutral\neutral_051.wav,neutral\neutral_051.wav,neutral,22050,2.5
52,D:\Intern tasks\Task2_Emotion_Recognition_from_Speech\data\audio_samples\neutral\neutral_052.wav,neutral\neutral_052.wav,neutral,22050,2.5
53,D:\Intern tasks\Task2_Emotion_Recognition_from_Speech\data\audio_samples\neutral\neutral_053.wav,neutral\neutral_053.wav,neutral,22050,2.5
54,D:\Intern tasks\Task2_Emotion_Recognition_from_Speech\data\audio_samples\neutral\neutral_054.wav,neutral\neutral_054.wav,neutral,22050,2.5
55,D:\Intern tasks\Task2_Emotion_Recognition_from_Speech\data\audio_samples\neutral\neutral_055.wav,neutral\neutral_055.wav,neutral,22050,2.5
56,D:\Intern tasks\Task2_Emotion_Recognition_from_Speech\data\audio_samples\neutral\neutral_056.wav,neutral\neutral_056.wav,neutral,22050,2.5
57,D:\Intern tasks\Task2_Emotion_Recognition_from_Speech\data\audio_samples\neutral\neutral_057.wav,neutral\neutral_057.wav,neutral,22050,2.5
58,D:\Intern tasks\Task2_Emotion_Recognition_from_Speech\data\audio_samples\neutral\neutral_058.wav,neutral\neutral_058.wav,neutral,22050,2.5
59,D:\Intern tasks\Task2_Emotion_Recognition_from_Speech\data\audio_samples\neutral\neutral_059.wav,neutral\neutral_059.wav,neutral,22050,2.5
60,D:\Intern tasks\Task2_Emotion_Recognition_from_Speech\data\audio_samples\neutral\neutral_060.wav,neutral\neutral_060.wav,neutral,22050,2.5
61,D:\Intern tasks\Task2_Emotion_Recognition_from_Speech\data\audio_samples\neutral\neutral_061.wav,neutral\neutral_061.wav,neutral,22050,2.5
62,D:\Intern tasks\Task2_Emotion_Recognition_from_Speech\data\audio_samples\neutral\neutral_062.wav,neutral\neutral_062.wav,neutral,22050,2.5
63,D:\Intern tasks\Task2_Emotion_Recognition_from_Speech\data\audio_samples\neutral\neutral_063.wav,neutral\neutral_063.wav,neutral,22050,2.5
64,D:\Intern tasks\Task2_Emotion_Recognition_from_Speech\data\audio_samples\neutral\neutral_064.wav,neutral\neutral_064.wav,neutral,22050,2.5
65,D:\Intern tasks\Task2_Emotion_Recognition_from_Speech\data\audio_samples\neutral\neutral_065.wav,neutral\neutral_065.wav,neutral,22050,2.5
66,D:\Intern tasks\Task2_Emotion_Recognition_from_Speech\data\audio_samples\neutral\neutral_066.wav,neutral\neutral_066.wav,neutral,22050,2.5
67,D:\Intern tasks\Task2_Emotion_Recognition_from_Speech\data\audio_samples\neutral\neutral_067.wav,neutral\neutral_067.wav,neutral,22050,2.5
68,D:\Intern tasks\Task2_Emotion_Recognition_from_Speech\data\audio_samples\neutral\neutral_068.wav,neutral\neutral_068.wav,neutral,22050,2.5
69,D:\Intern tasks\Task2_Emotion_Recognition_from_Speech\data\audio_samples\neutral\neutral_069.wav,neutral\neutral_069.wav,neutral,22050,2.5
70,D:\Intern tasks\Task2_Emotion_Recognition_from_Speech\data\audio_samples\neutral\neutral_070.wav,neutral\neutral_070.wav,neutral,22050,2.5
71,D:\Intern tasks\Task2_Emotion_Recognition_from_Speech\data\audio_samples\neutral\neutral_071.wav,neutral\neutral_071.wav,neutral,22050,2.5
72,D:\Intern tasks\Task2_Emotion_Recognition_from_Speech\data\audio_samples\neutral\neutral_072.wav,neutral\neutral_072.wav,neutral,22050,2.5
73,D:\Intern tasks\Task2_Emotion_Recognition_from_Speech\data\audio_samples\neutral\neutral_073.wav,neutral\neutral_073.wav,neutral,22050,2.5
74,D:\Intern tasks\Task2_Emotion_Recognition_from_Speech\data\audio_samples\neutral\neutral_074.wav,neutral\neutral_074.wav,neutral,22050,2.5
75,D:\Intern tasks\Task2_Emotion_Recognition_from_Speech\data\audio_samples\neutral\neutral_075.wav,neutral\neutral_075.wav,neutral,22050,2.5
76,D:\Intern tasks\Task2_Emotion_Recognition_from_Speech\data\audio_samples\neutral\neutral_076.wav,neutral\neutral_076.wav,neutral,22050,2.5
77,D:\Intern tasks\Task2_Emotion_Recognition_from_Speech\data\audio_samples\neutral\neutral_077.wav,neutral\neutral_077.wav,neutral,22050,2.5
78,D:\Intern tasks\Task2_Emotion_Recognition_from_Speech\data\audio_samples\neutral\neutral_078.wav,neutral\neutral_078.wav,neutral,22050,2.5
79,D:\Intern tasks\Task2_Emotion_Recognition_from_Speech\data\audio_samples\neutral\neutral_079.wav,neutral\neutral_079.wav,neutral,22050,2.5
80,D:\Intern tasks\Task2_Emotion_Recognition_from_Speech\data\audio_samples\neutral\neutral_080.wav,neutral\neutral_080.wav,neutral,22050,2.5
81,D:\Intern tasks\Task2_Emotion_Recognition_from_Speech\data\audio_samples\neutral\neutral_081.wav,neutral\neutral_081.wav,neutral,22050,2.5
82,D:\Intern tasks\Task2_Emotion_Recognition_from_Speech\data\audio_samples\neutral\neutral_082.wav,neutral\neutral_082.wav,neutral,22050,2.5
83,D:\Intern tasks\Task2_Emotion_Recognition_from_Speech\data\audio_samples\neutral\neutral_083.wav,neutral\neutral_083.wav,neutral,22050,2.5
84,D:\Intern tasks\Task2_Emotion_Recognition_from_Speech\data\audio_samples\neutral\neutral_084.wav,neutral\neutral_084.wav,neutral,22050,2.5
85,D:\Intern tasks\Task2_Emotion_Recognition_from_Speech\data\audio_samples\neutral\neutral_085.wav,neutral\neutral_085.wav,neutral,22050,2.5
86,D:\Intern tasks\Task2_Emotion_Recognition_from_Speech\data\audio_samples\neutral\neutral_086.wav,neutral\neutral_086.wav,neutral,22050,2.5
87,D:\Intern tasks\Task2_Emotion_Recognition_from_Speech\data\audio_samples\neutral\neutral_087.wav,neutral\neutral_087.wav,neutral,22050,2.5
88,D:\Intern tasks\Task2_Emotion_Recognition_from_Speech\data\audio_samples\neutral\neutral_088.wav,neutral\neutral_088.wav,neutral,22050,2.5
89,D:\Intern tasks\Task2_Emotion_Recognition_from_Speech\data\audio_samples\neutral\neutral_089.wav,neutral\neutral_089.wav,neutral,22050,2.5
90,D:\Intern tasks\Task2_Emotion_Recognition_from_Speech\data\audio_samples\neutral\neutral_090.wav,neutral\neutral_090.wav,neutral,22050,2.5
91,D:\Intern tasks\Task2_Emotion_Recognition_from_Speech\data\audio_samples\neutral\neutral_091.wav,neutral\neutral_091.wav,neutral,22050,2.5
92,D:\Intern tasks\Task2_Emotion_Recognition_from_Speech\data\audio_samples\neutral\neutral_092.wav,neutral\neutral_092.wav,neutral,22050,2.5
93,D:\Intern tasks\Task2_Emotion_Recognition_from_Speech\data\audio_samples\neutral\neutral_093.wav,neutral\neutral_093.wav,neutral,22050,2.5
94,D:\Intern tasks\Task2_Emotion_Recognition_from_Speech\data\audio_samples\neutral\neutral_094.wav,neutral\neutral_094.wav,neutral,22050,2.5
95,D:\Intern tasks\Task2_Emotion_Recognition_from_Speech\data\audio_samples\neutral\neutral_095.wav,neutral\neutral_095.wav,neutral,22050,2.5
96,D:\Intern tasks\Task2_Emotion_Recognition_from_Speech\data\audio_samples\neutral\neutral_096.wav,neutral\neutral_096.wav,neutral,22050,2.5
97,D:\Intern tasks\Task2_Emotion_Recognition_from_Speech\data\audio_samples\neutral\neutral_097.wav,neutral\neutral_097.wav,neutral,22050,2.5
98,D:\Intern tasks\Task2_Emotion_Recognition_from_Speech\data\audio_samples\neutral\neutral_098.wav,neutral\neutral_098.wav,neutral,22050,2.5
99,D:\Intern tasks\Task2_Emotion_Recognition_from_Speech\data\audio_samples\neutral\neutral_099.wav,neutral\neutral_099.wav,neutral,22050,2.5
100,D:\Intern tasks\Task2_Emotion_Recognition_from_Speech\data\audio_samples\neutral\neutral_100.wav,neutral\neutral_100.wav,neutral,22050,2.5
101,D:\Intern tasks\Task2_Emotion_Recognition_from_Speech\data\audio_samples\happy\happy_001.wav,happy\happy_001.wav,happy,22050,2.5
102,D:\Intern tasks\Task2_Emotion_Recognition_from_Speech\data\audio_samples\happy\happy_002.wav,happy\happy_002.wav,happy,22050,2.5
103,D:\Intern tasks\Task2_Emotion_Recognition_from_Speech\data\audio_samples\happy\happy_003.wav,happy\happy_003.wav,happy,22050,2.5
104,D:\Intern tasks\Task2_Emotion_Recognition_from_Speech\data\audio_samples\happy\happy_004.wav,happy\happy_004.wav,happy,22050,2.5
105,D:\Intern tasks\Task2_Emotion_Recognition_from_Speech\data\audio_samples\happy\happy_005.wav,happy\happy_005.wav,happy,22050,2.5
106,D:\Intern tasks\Task2_Emotion_Recognition_from_Speech\data\audio_samples\happy\happy_006.wav,happy\happy_006.wav,happy,22050,2.5
107,D:\Intern tasks\Task2_Emotion_Recognition_from_Speech\data\audio_samples\happy\happy_007.wav,happy\happy_007.wav,happy,22050,2.5
108,D:\Intern tasks\Task2_Emotion_Recognition_from_Speech\data\audio_samples\happy\happy_008.wav,happy\happy_008.wav,happy,22050,2.5
109,D:\Intern tasks\Task2_Emotion_Recognition_from_Speech\data\audio_samples\happy\happy_009.wav,happy\happy_009.wav,happy,22050,2.5
110,D:\Intern tasks\Task2_Emotion_Recognition_from_Speech\data\audio_samples\happy\happy_010.wav,happy\happy_010.wav,happy,22050,2.5
111,D:\Intern tasks\Task2_Emotion_Recognition_from_Speech\data\audio_samples\happy\happy_011.wav,happy\happy_011.wav,happy,22050,2.5
112,D:\Intern tasks\Task2_Emotion_Recognition_from_Speech\data\audio_samples\happy\happy_012.wav,happy\happy_012.wav,happy,22050,2.5
113,D:\Intern tasks\Task2_Emotion_Recognition_from_Speech\data\audio_samples\happy\happy_013.wav,happy\happy_013.wav,happy,22050,2.5
114,D:\Intern tasks\Task2_Emotion_Recognition_from_Speech\data\audio_samples\happy\happy_014.wav,happy\happy_014.wav,happy,22050,2.5
115,D:\Intern tasks\Task2_Emotion_Recognition_from_Speech\data\audio_samples\happy\happy_015.wav,happy\happy_015.wav,happy,22050,2.5
116,D:\Intern tasks\Task2_Emotion_Recognition_from_Speech\data\audio_samples\happy\happy_016.wav,happy\happy_016.wav,happy,22050,2.5
117,D:\Intern tasks\Task2_Emotion_Recognition_from_Speech\data\audio_samples\happy\happy_017.wav,happy\happy_017.wav,happy,22050,2.5
118,D:\Intern tasks\Task2_Emotion_Recognition_from_Speech\data\audio_samples\happy\happy_018.wav,happy\happy_018.wav,happy,22050,2.5
119,D:\Intern tasks\Task2_Emotion_Recognition_from_Speech\data\audio_samples\happy\happy_019.wav,happy\happy_019.wav,happy,22050,2.5
120,D:\Intern tasks\Task2_Emotion_Recognition_from_Speech\data\audio_samples\happy\happy_020.wav,happy\happy_020.wav,happy,22050,2.5
121,D:\Intern tasks\Task2_Emotion_Recognition_from_Speech\data\audio_samples\happy\happy_021.wav,happy\happy_021.wav,happy,22050,2.5
122,D:\Intern tasks\Task2_Emotion_Recognition_from_Speech\data\audio_samples\happy\happy_022.wav,happy\happy_022.wav,happy,22050,2.5
123,D:\Intern tasks\Task2_Emotion_Recognition_from_Speech\data\audio_samples\happy\happy_023.wav,happy\happy_023.wav,happy,22050,2.5
124,D:\Intern tasks\Task2_Emotion_Recognition_from_Speech\data\audio_samples\happy\happy_024.wav,happy\happy_024.wav,happy,22050,2.5
125,D:\Intern tasks\Task2_Emotion_Recognition_from_Speech\data\audio_samples\happy\happy_025.wav,happy\happy_025.wav,happy,22050,2.5
126,D:\Intern tasks\Task2_Emotion_Recognition_from_Speech\data\audio_samples\happy\happy_026.wav,happy\happy_026.wav,happy,22050,2.5
127,D:\Intern tasks\Task2_Emotion_Recognition_from_Speech\data\audio_samples\happy\happy_027.wav,happy\happy_027.wav,happy,22050,2.5
128,D:\Intern tasks\Task2_Emotion_Recognition_from_Speech\data\audio_samples\happy\happy_028.wav,happy\happy_028.wav,happy,22050,2.5
129,D:\Intern tasks\Task2_Emotion_Recognition_from_Speech\data\audio_samples\happy\happy_029.wav,happy\happy_029.wav,happy,22050,2.5
130,D:\Intern tasks\Task2_Emotion_Recognition_from_Speech\data\audio_samples\happy\happy_030.wav,happy\happy_030.wav,happy,22050,2.5
131,D:\Intern tasks\Task2_Emotion_Recognition_from_Speech\data\audio_samples\happy\happy_031.wav,happy\happy_031.wav,happy,22050,2.5
132,D:\Intern tasks\Task2_Emotion_Recognition_from_Speech\data\audio_samples\happy\happy_032.wav,happy\happy_032.wav,happy,22050,2.5
133,D:\Intern tasks\Task2_Emotion_Recognition_from_Speech\data\audio_samples\happy\happy_033.wav,happy\happy_033.wav,happy,22050,2.5
134,D:\Intern tasks\Task2_Emotion_Recognition_from_Speech\data\audio_samples\happy\happy_034.wav,happy\happy_034.wav,happy,22050,2.5
135,D:\Intern tasks\Task2_Emotion_Recognition_from_Speech\data\audio_samples\happy\happy_035.wav,happy\happy_035.wav,happy,22050,2.5
136,D:\Intern tasks\Task2_Emotion_Recognition_from_Speech\data\audio_samples\happy\happy_036.wav,happy\happy_036.wav,happy,22050,2.5
137,D:\Intern tasks\Task2_Emotion_Recognition_from_Speech\data\audio_samples\happy\happy_037.wav,happy\happy_037.wav,happy,22050,2.5
138,D:\Intern tasks\Task2_Emotion_Recognition_from_Speech\data\audio_samples\happy\happy_038.wav,happy\happy_038.wav,happy,22050,2.5
139,D:\Intern tasks\Task2_Emotion_Recognition_from_Speech\data\audio_samples\happy\happy_039.wav,happy\happy_039.wav,happy,22050,2.5
140,D:\Intern tasks\Task2_Emotion_Recognition_from_Speech\data\audio_samples\happy\happy_040.wav,happy\happy_040.wav,happy,22050,2.5
141,D:\Intern tasks\Task2_Emotion_Recognition_from_Speech\data\audio_samples\happy\happy_041.wav,happy\happy_041.wav,happy,22050,2.5
142,D:\Intern tasks\Task2_Emotion_Recognition_from_Speech\data\audio_samples\happy\happy_042.wav,happy\happy_042.wav,happy,22050,2.5
143,D:\Intern tasks\Task2_Emotion_Recognition_from_Speech\data\audio_samples\happy\happy_043.wav,happy\happy_043.wav,happy,22050,2.5
144,D:\Intern tasks\Task2_Emotion_Recognition_from_Speech\data\audio_samples\happy\happy_044.wav,happy\happy_044.wav,happy,22050,2.5
145,D:\Intern tasks\Task2_Emotion_Recognition_from_Speech\data\audio_samples\happy\happy_045.wav,happy\happy_045.wav,happy,22050,2.5
146,D:\Intern tasks\Task2_Emotion_Recognition_from_Speech\data\audio_samples\happy\happy_046.wav,happy\happy_046.wav,happy,22050,2.5
147,D:\Intern tasks\Task2_Emotion_Recognition_from_Speech\data\audio_samples\happy\happy_047.wav,happy\happy_047.wav,happy,22050,2.5
148,D:\Intern tasks\Task2_Emotion_Recognition_from_Speech\data\audio_samples\happy\happy_048.wav,happy\happy_048.wav,happy,22050,2.5
149,D:\Intern tasks\Task2_Emotion_Recognition_from_Speech\data\audio_samples\happy\happy_049.wav,happy\happy_049.wav,happy,22050,2.5
150,D:\Intern tasks\Task2_Emotion_Recognition_from_Speech\data\audio_samples\happy\happy_050.wav,happy\happy_050.wav,happy,22050,2.5
151,D:\Intern tasks\Task2_Emotion_Recognition_from_Speech\data\audio_samples\happy\happy_051.wav,happy\happy_051.wav,happy,22050,2.5
152,D:\Intern tasks\Task2_Emotion_Recognition_from_Speech\data\audio_samples\happy\happy_052.wav,happy\happy_052.wav,happy,22050,2.5
153,D:\Intern tasks\Task2_Emotion_Recognition_from_Speech\data\audio_samples\happy\happy_053.wav,happy\happy_053.wav,happy,22050,2.5
154,D:\Intern tasks\Task2_Emotion_Recognition_from_Speech\data\audio_samples\happy\happy_054.wav,happy\happy_054.wav,happy,22050,2.5
155,D:\Intern tasks\Task2_Emotion_Recognition_from_Speech\data\audio_samples\happy\happy_055.wav,happy\happy_055.wav,happy,22050,2.5
156,D:\Intern tasks\Task2_Emotion_Recognition_from_Speech\data\audio_samples\happy\happy_056.wav,happy\happy_056.wav,happy,22050,2.5
157,D:\Intern tasks\Task2_Emotion_Recognition_from_Speech\data\audio_samples\happy\happy_057.wav,happy\happy_057.wav,happy,22050,2.5
158,D:\Intern tasks\Task2_Emotion_Recognition_from_Speech\data\audio_samples\happy\happy_058.wav,happy\happy_058.wav,happy,22050,2.5
159,D:\Intern tasks\Task2_Emotion_Recognition_from_Speech\data\audio_samples\happy\happy_059.wav,happy\happy_059.wav,happy,22050,2.5
160,D:\Intern tasks\Task2_Emotion_Recognition_from_Speech\data\audio_samples\happy\happy_060.wav,happy\happy_060.wav,happy,22050,2.5
161,D:\Intern tasks\Task2_Emotion_Recognition_from_Speech\data\audio_samples\happy\happy_061.wav,happy\happy_061.wav,happy,22050,2.5
162,D:\Intern tasks\Task2_Emotion_Recognition_from_Speech\data\audio_samples\happy\happy_062.wav,happy\happy_062.wav,happy,22050,2.5
163,D:\Intern tasks\Task2_Emotion_Recognition_from_Speech\data\audio_samples\happy\happy_063.wav,happy\happy_063.wav,happy,22050,2.5
164,D:\Intern tasks\Task2_Emotion_Recognition_from_Speech\data\audio_samples\happy\happy_064.wav,happy\happy_064.wav,happy,22050,2.5
165,D:\Intern tasks\Task2_Emotion_Recognition_from_Speech\data\audio_samples\happy\happy_065.wav,happy\happy_065.wav,happy,22050,2.5
166,D:\Intern tasks\Task2_Emotion_Recognition_from_Speech\data\audio_samples\happy\happy_066.wav,happy\happy_066.wav,happy,22050,2.5
167,D:\Intern tasks\Task2_Emotion_Recognition_from_Speech\data\audio_samples\happy\happy_067.wav,happy\happy_067.wav,happy,22050,2.5
168,D:\Intern tasks\Task2_Emotion_Recognition_from_Speech\data\audio_samples\happy\happy_068.wav,happy\happy_068.wav,happy,22050,2.5
169,D:\Intern tasks\Task2_Emotion_Recognition_from_Speech\data\audio_samples\happy\happy_069.wav,happy\happy_069.wav,happy,22050,2.5
170,D:\Intern tasks\Task2_Emotion_Recognition_from_Speech\data\audio_samples\happy\happy_070.wav,happy\happy_070.wav,happy,22050,2.5
171,D:\Intern tasks\Task2_Emotion_Recognition_from_Speech\data\audio_samples\happy\happy_071.wav,happy\happy_071.wav,happy,22050,2.5
172,D:\Intern tasks\Task2_Emotion_Recognition_from_Speech\data\audio_samples\happy\happy_072.wav,happy\happy_072.wav,happy,22050,2.5
173,D:\Intern tasks\Task2_Emotion_Recognition_from_Speech\data\audio_samples\happy\happy_073.wav,happy\happy_073.wav,happy,22050,2.5
174,D:\Intern tasks\Task2_Emotion_Recognition_from_Speech\data\audio_samples\happy\happy_074.wav,happy\happy_074.wav,happy,22050,2.5
175,D:\Intern tasks\Task2_Emotion_Recognition_from_Speech\data\audio_samples\happy\happy_075.wav,happy\happy_075.wav,happy,22050,2.5
176,D:\Intern tasks\Task2_Emotion_Recognition_from_Speech\data\audio_samples\happy\happy_076.wav,happy\happy_076.wav,happy,22050,2.5
177,D:\Intern tasks\Task2_Emotion_Recognition_from_Speech\data\audio_samples\happy\happy_077.wav,happy\happy_077.wav,happy,22050,2.5
178,D:\Intern tasks\Task2_Emotion_Recognition_from_Speech\data\audio_samples\happy\happy_078.wav,happy\happy_078.wav,happy,22050,2.5
179,D:\Intern tasks\Task2_Emotion_Recognition_from_Speech\data\audio_samples\happy\happy_079.wav,happy\happy_079.wav,happy,22050,2.5
180,D:\Intern tasks\Task2_Emotion_Recognition_from_Speech\data\audio_samples\happy\happy_080.wav,happy\happy_080.wav,happy,22050,2.5
181,D:\Intern tasks\Task2_Emotion_Recognition_from_Speech\data\audio_samples\happy\happy_081.wav,happy\happy_081.wav,happy,22050,2.5
182,D:\Intern tasks\Task2_Emotion_Recognition_from_Speech\data\audio_samples\happy\happy_082.wav,happy\happy_082.wav,happy,22050,2.5
183,D:\Intern tasks\Task2_Emotion_Recognition_from_Speech\data\audio_samples\happy\happy_083.wav,happy\happy_083.wav,happy,22050,2.5
184,D:\Intern tasks\Task2_Emotion_Recognition_from_Speech\data\audio_samples\happy\happy_084.wav,happy\happy_084.wav,happy,22050,2.5
185,D:\Intern tasks\Task2_Emotion_Recognition_from_Speech\data\audio_samples\happy\happy_085.wav,happy\happy_085.wav,happy,22050,2.5
186,D:\Intern tasks\Task2_Emotion_Recognition_from_Speech\data\audio_samples\happy\happy_086.wav,happy\happy_086.wav,happy,22050,2.5
187,D:\Intern tasks\Task2_Emotion_Recognition_from_Speech\data\audio_samples\happy\happy_087.wav,happy\happy_087.wav,happy,22050,2.5
188,D:\Intern tasks\Task2_Emotion_Recognition_from_Speech\data\audio_samples\happy\happy_088.wav,happy\happy_088.wav,happy,22050,2.5
189,D:\Intern tasks\Task2_Emotion_Recognition_from_Speech\data\audio_samples\happy\happy_089.wav,happy\happy_089.wav,happy,22050,2.5
190,D:\Intern tasks\Task2_Emotion_Recognition_from_Speech\data\audio_samples\happy\happy_090.wav,happy\happy_090.wav,happy,22050,2.5
191,D:\Intern tasks\Task2_Emotion_Recognition_from_Speech\data\audio_samples\happy\happy_091.wav,happy\happy_091.wav,happy,22050,2.5
192,D:\Intern tasks\Task2_Emotion_Recognition_from_Speech\data\audio_samples\happy\happy_092.wav,happy\happy_092.wav,happy,22050,2.5
193,D:\Intern tasks\Task2_Emotion_Recognition_from_Speech\data\audio_samples\happy\happy_093.wav,happy\happy_093.wav,happy,22050,2.5
194,D:\Intern tasks\Task2_Emotion_Recognition_from_Speech\data\audio_samples\happy\happy_094.wav,happy\happy_094.wav,happy,22050,2.5
195,D:\Intern tasks\Task2_Emotion_Recognition_from_Speech\data\audio_samples\happy\happy_095.wav,happy\happy_095.wav,happy,22050,2.5
196,D:\Intern tasks\Task2_Emotion_Recognition_from_Speech\data\audio_samples\happy\happy_096.wav,happy\happy_096.wav,happy,22050,2.5
197,D:\Intern tasks\Task2_Emotion_Recognition_from_Speech\data\audio_samples\happy\happy_097.wav,happy\happy_097.wav,happy,22050,2.5
198,D:\Intern tasks\Task2_Emotion_Recognition_from_Speech\data\audio_samples\happy\happy_098.wav,happy\happy_098.wav,happy,22050,2.5
199,D:\Intern tasks\Task2_Emotion_Recognition_from_Speech\data\audio_samples\happy\happy_099.wav,happy\happy_099.wav,happy,22050,2.5
200,D:\Intern tasks\Task2_Emotion_Recognition_from_Speech\data\audio_samples\happy\happy_100.wav,happy\happy_100.wav,happy,22050,2.5
201,D:\Intern tasks\Task2_Emotion_Recognition_from_Speech\data\audio_samples\sad\sad_001.wav,sad\sad_001.wav,sad,22050,2.5
202,D:\Intern tasks\Task2_Emotion_Recognition_from_Speech\data\audio_samples\sad\sad_002.wav,sad\sad_002.wav,sad,22050,2.5
203,D:\Intern tasks\Task2_Emotion_Recognition_from_Speech\data\audio_samples\sad\sad_003.wav,sad\sad_003.wav,sad,22050,2.5
204,D:\Intern tasks\Task2_Emotion_Recognition_from_Speech\data\audio_samples\sad\sad_004.wav,sad\sad_004.wav,sad,22050,2.5
205,D:\Intern tasks\Task2_Emotion_Recognition_from_Speech\data\audio_samples\sad\sad_005.wav,sad\sad_005.wav,sad,22050,2.5
206,D:\Intern tasks\Task2_Emotion_Recognition_from_Speech\data\audio_samples\sad\sad_006.wav,sad\sad_006.wav,sad,22050,2.5
207,D:\Intern tasks\Task2_Emotion_Recognition_from_Speech\data\audio_samples\sad\sad_007.wav,sad\sad_007.wav,sad,22050,2.5
208,D:\Intern tasks\Task2_Emotion_Recognition_from_Speech\data\audio_samples\sad\sad_008.wav,sad\sad_008.wav,sad,22050,2.5
209,D:\Intern tasks\Task2_Emotion_Recognition_from_Speech\data\audio_samples\sad\sad_009.wav,sad\sad_009.wav,sad,22050,2.5
210,D:\Intern tasks\Task2_Emotion_Recognition_from_Speech\data\audio_samples\sad\sad_010.wav,sad\sad_010.wav,sad,22050,2.5
211,D:\Intern tasks\Task2_Emotion_Recognition_from_Speech\data\audio_samples\sad\sad_011.wav,sad\sad_011.wav,sad,22050,2.5
212,D:\Intern tasks\Task2_Emotion_Recognition_from_Speech\data\audio_samples\sad\sad_012.wav,sad\sad_012.wav,sad,22050,2.5
213,D:\Intern tasks\Task2_Emotion_Recognition_from_Speech\data\audio_samples\sad\sad_013.wav,sad\sad_013.wav,sad,22050,2.5
214,D:\Intern tasks\Task2_Emotion_Recognition_from_Speech\data\audio_samples\sad\sad_014.wav,sad\sad_014.wav,sad,22050,2.5
215,D:\Intern tasks\Task2_Emotion_Recognition_from_Speech\data\audio_samples\sad\sad_015.wav,sad\sad_015.wav,sad,22050,2.5
216,D:\Intern tasks\Task2_Emotion_Recognition_from_Speech\data\audio_samples\sad\sad_016.wav,sad\sad_016.wav,sad,22050,2.5
217,D:\Intern tasks\Task2_Emotion_Recognition_from_Speech\data\audio_samples\sad\sad_017.wav,sad\sad_017.wav,sad,22050,2.5
218,D:\Intern tasks\Task2_Emotion_Recognition_from_Speech\data\audio_samples\sad\sad_018.wav,sad\sad_018.wav,sad,22050,2.5
219,D:\Intern tasks\Task2_Emotion_Recognition_from_Speech\data\audio_samples\sad\sad_019.wav,sad\sad_019.wav,sad,22050,2.5
220,D:\Intern tasks\Task2_Emotion_Recognition_from_Speech\data\audio_samples\sad\sad_020.wav,sad\sad_020.wav,sad,22050,2.5
221,D:\Intern tasks\Task2_Emotion_Recognition_from_Speech\data\audio_samples\sad\sad_021.wav,sad\sad_021.wav,sad,22050,2.5
222,D:\Intern tasks\Task2_Emotion_Recognition_from_Speech\data\audio_samples\sad\sad_022.wav,sad\sad_022.wav,sad,22050,2.5
223,D:\Intern tasks\Task2_Emotion_Recognition_from_Speech\data\audio_samples\sad\sad_023.wav,sad\sad_023.wav,sad,22050,2.5
224,D:\Intern tasks\Task2_Emotion_Recognition_from_Speech\data\audio_samples\sad\sad_024.wav,sad\sad_024.wav,sad,22050,2.5
225,D:\Intern tasks\Task2_Emotion_Recognition_from_Speech\data\audio_samples\sad\sad_025.wav,sad\sad_025.wav,sad,22050,2.5
226,D:\Intern tasks\Task2_Emotion_Recognition_from_Speech\data\audio_samples\sad\sad_026.wav,sad\sad_026.wav,sad,22050,2.5
227,D:\Intern tasks\Task2_Emotion_Recognition_from_Speech\data\audio_samples\sad\sad_027.wav,sad\sad_027.wav,sad,22050,2.5
228,D:\Intern tasks\Task2_Emotion_Recognition_from_Speech\data\audio_samples\sad\sad_028.wav,sad\sad_028.wav,sad,22050,2.5
229,D:\Intern tasks\Task2_Emotion_Recognition_from_Speech\data\audio_samples\sad\sad_029.wav,sad\sad_029.wav,sad,22050,2.5
230,D:\Intern tasks\Task2_Emotion_Recognition_from_Speech\data\audio_samples\sad\sad_030.wav,sad\sad_030.wav,sad,22050,2.5
231,D:\Intern tasks\Task2_Emotion_Recognition_from_Speech\data\audio_samples\sad\sad_031.wav,sad\sad_031.wav,sad,22050,2.5
232,D:\Intern tasks\Task2_Emotion_Recognition_from_Speech\data\audio_samples\sad\sad_032.wav,sad\sad_032.wav,sad,22050,2.5
233,D:\Intern tasks\Task2_Emotion_Recognition_from_Speech\data\audio_samples\sad\sad_033.wav,sad\sad_033.wav,sad,22050,2.5
234,D:\Intern tasks\Task2_Emotion_Recognition_from_Speech\data\audio_samples\sad\sad_034.wav,sad\sad_034.wav,sad,22050,2.5
235,D:\Intern tasks\Task2_Emotion_Recognition_from_Speech\data\audio_samples\sad\sad_035.wav,sad\sad_035.wav,sad,22050,2.5
236,D:\Intern tasks\Task2_Emotion_Recognition_from_Speech\data\audio_samples\sad\sad_036.wav,sad\sad_036.wav,sad,22050,2.5
237,D:\Intern tasks\Task2_Emotion_Recognition_from_Speech\data\audio_samples\sad\sad_037.wav,sad\sad_037.wav,sad,22050,2.5
238,D:\Intern tasks\Task2_Emotion_Recognition_from_Speech\data\audio_samples\sad\sad_038.wav,sad\sad_038.wav,sad,22050,2.5
239,D:\Intern tasks\Task2_Emotion_Recognition_from_Speech\data\audio_samples\sad\sad_039.wav,sad\sad_039.wav,sad,22050,2.5
240,D:\Intern tasks\Task2_Emotion_Recognition_from_Speech\data\audio_samples\sad\sad_040.wav,sad\sad_040.wav,sad,22050,2.5
241,D:\Intern tasks\Task2_Emotion_Recognition_from_Speech\data\audio_samples\sad\sad_041.wav,sad\sad_041.wav,sad,22050,2.5
242,D:\Intern tasks\Task2_Emotion_Recognition_from_Speech\data\audio_samples\sad\sad_042.wav,sad\sad_042.wav,sad,22050,2.5
243,D:\Intern tasks\Task2_Emotion_Recognition_from_Speech\data\audio_samples\sad\sad_043.wav,sad\sad_043.wav,sad,22050,2.5
244,D:\Intern tasks\Task2_Emotion_Recognition_from_Speech\data\audio_samples\sad\sad_044.wav,sad\sad_044.wav,sad,22050,2.5
245,D:\Intern tasks\Task2_Emotion_Recognition_from_Speech\data\audio_samples\sad\sad_045.wav,sad\sad_045.wav,sad,22050,2.5
246,D:\Intern tasks\Task2_Emotion_Recognition_from_Speech\data\audio_samples\sad\sad_046.wav,sad\sad_046.wav,sad,22050,2.5
247,D:\Intern tasks\Task2_Emotion_Recognition_from_Speech\data\audio_samples\sad\sad_047.wav,sad\sad_047.wav,sad,22050,2.5
248,D:\Intern tasks\Task2_Emotion_Recognition_from_Speech\data\audio_samples\sad\sad_048.wav,sad\sad_048.wav,sad,22050,2.5
249,D:\Intern tasks\Task2_Emotion_Recognition_from_Speech\data\audio_samples\sad\sad_049.wav,sad\sad_049.wav,sad,22050,2.5
250,D:\Intern tasks\Task2_Emotion_Recognition_from_Speech\data\audio_samples\sad\sad_050.wav,sad\sad_050.wav,sad,22050,2.5
251,D:\Intern tasks\Task2_Emotion_Recognition_from_Speech\data\audio_samples\sad\sad_051.wav,sad\sad_051.wav,sad,22050,2.5
252,D:\Intern tasks\Task2_Emotion_Recognition_from_Speech\data\audio_samples\sad\sad_052.wav,sad\sad_052.wav,sad,22050,2.5
253,D:\Intern tasks\Task2_Emotion_Recognition_from_Speech\data\audio_samples\sad\sad_053.wav,sad\sad_053.wav,sad,22050,2.5
254,D:\Intern tasks\Task2_Emotion_Recognition_from_Speech\data\audio_samples\sad\sad_054.wav,sad\sad_054.wav,sad,22050,2.5
255,D:\Intern tasks\Task2_Emotion_Recognition_from_Speech\data\audio_samples\sad\sad_055.wav,sad\sad_055.wav,sad,22050,2.5
256,D:\Intern tasks\Task2_Emotion_Recognition_from_Speech\data\audio_samples\sad\sad_056.wav,sad\sad_056.wav,sad,22050,2.5
257,D:\Intern tasks\Task2_Emotion_Recognition_from_Speech\data\audio_samples\sad\sad_057.wav,sad\sad_057.wav,sad,22050,2.5
258,D:\Intern tasks\Task2_Emotion_Recognition_from_Speech\data\audio_samples\sad\sad_058.wav,sad\sad_058.wav,sad,22050,2.5
259,D:\Intern tasks\Task2_Emotion_Recognition_from_Speech\data\audio_samples\sad\sad_059.wav,sad\sad_059.wav,sad,22050,2.5
260,D:\Intern tasks\Task2_Emotion_Recognition_from_Speech\data\audio_samples\sad\sad_060.wav,sad\sad_060.wav,sad,22050,2.5
261,D:\Intern tasks\Task2_Emotion_Recognition_from_Speech\data\audio_samples\sad\sad_061.wav,sad\sad_061.wav,sad,22050,2.5
262,D:\Intern tasks\Task2_Emotion_Recognition_from_Speech\data\audio_samples\sad\sad_062.wav,sad\sad_062.wav,sad,22050,2.5
263,D:\Intern tasks\Task2_Emotion_Recognition_from_Speech\data\audio_samples\sad\sad_063.wav,sad\sad_063.wav,sad,22050,2.5
264,D:\Intern tasks\Task2_Emotion_Recognition_from_Speech\data\audio_samples\sad\sad_064.wav,sad\sad_064.wav,sad,22050,2.5
265,D:\Intern tasks\Task2_Emotion_Recognition_from_Speech\data\audio_samples\sad\sad_065.wav,sad\sad_065.wav,sad,22050,2.5
266,D:\Intern tasks\Task2_Emotion_Recognition_from_Speech\data\audio_samples\sad\sad_066.wav,sad\sad_066.wav,sad,22050,2.5
267,D:\Intern tasks\Task2_Emotion_Recognition_from_Speech\data\audio_samples\sad\sad_067.wav,sad\sad_067.wav,sad,22050,2.5
268,D:\Intern tasks\Task2_Emotion_Recognition_from_Speech\data\audio_samples\sad\sad_068.wav,sad\sad_068.wav,sad,22050,2.5
269,D:\Intern tasks\Task2_Emotion_Recognition_from_Speech\data\audio_samples\sad\sad_069.wav,sad\sad_069.wav,sad,22050,2.5
270,D:\Intern tasks\Task2_Emotion_Recognition_from_Speech\data\audio_samples\sad\sad_070.wav,sad\sad_070.wav,sad,22050,2.5
271,D:\Intern tasks\Task2_Emotion_Recognition_from_Speech\data\audio_samples\sad\sad_071.wav,sad\sad_071.wav,sad,22050,2.5
272,D:\Intern tasks\Task2_Emotion_Recognition_from_Speech\data\audio_samples\sad\sad_072.wav,sad\sad_072.wav,sad,22050,2.5
273,D:\Intern tasks\Task2_Emotion_Recognition_from_Speech\data\audio_samples\sad\sad_073.wav,sad\sad_073.wav,sad,22050,2.5
274,D:\Intern tasks\Task2_Emotion_Recognition_from_Speech\data\audio_samples\sad\sad_074.wav,sad\sad_074.wav,sad,22050,2.5
275,D:\Intern tasks\Task2_Emotion_Recognition_from_Speech\data\audio_samples\sad\sad_075.wav,sad\sad_075.wav,sad,22050,2.5
276,D:\Intern tasks\Task2_Emotion_Recognition_from_Speech\data\audio_samples\sad\sad_076.wav,sad\sad_076.wav,sad,22050,2.5
277,D:\Intern tasks\Task2_Emotion_Recognition_from_Speech\data\audio_samples\sad\sad_077.wav,sad\sad_077.wav,sad,22050,2.5
278,D:\Intern tasks\Task2_Emotion_Recognition_from_Speech\data\audio_samples\sad\sad_078.wav,sad\sad_078.wav,sad,22050,2.5
279,D:\Intern tasks\Task2_Emotion_Recognition_from_Speech\data\audio_samples\sad\sad_079.wav,sad\sad_079.wav,sad,22050,2.5
280,D:\Intern tasks\Task2_Emotion_Recognition_from_Speech\data\audio_samples\sad\sad_080.wav,sad\sad_080.wav,sad,22050,2.5
281,D:\Intern tasks\Task2_Emotion_Recognition_from_Speech\data\audio_samples\sad\sad_081.wav,sad\sad_081.wav,sad,22050,2.5
282,D:\Intern tasks\Task2_Emotion_Recognition_from_Speech\data\audio_samples\sad\sad_082.wav,sad\sad_082.wav,sad,22050,2.5
283,D:\Intern tasks\Task2_Emotion_Recognition_from_Speech\data\audio_samples\sad\sad_083.wav,sad\sad_083.wav,sad,22050,2.5
284,D:\Intern tasks\Task2_Emotion_Recognition_from_Speech\data\audio_samples\sad\sad_084.wav,sad\sad_084.wav,sad,22050,2.5
285,D:\Intern tasks\Task2_Emotion_Recognition_from_Speech\data\audio_samples\sad\sad_085.wav,sad\sad_085.wav,sad,22050,2.5
286,D:\Intern tasks\Task2_Emotion_Recognition_from_Speech\data\audio_samples\sad\sad_086.wav,sad\sad_086.wav,sad,22050,2.5
287,D:\Intern tasks\Task2_Emotion_Recognition_from_Speech\data\audio_samples\sad\sad_087.wav,sad\sad_087.wav,sad,22050,2.5
288,D:\Intern tasks\Task2_Emotion_Recognition_from_Speech\data\audio_samples\sad\sad_088.wav,sad\sad_088.wav,sad,22050,2.5
289,D:\Intern tasks\Task2_Emotion_Recognition_from_Speech\data\audio_samples\sad\sad_089.wav,sad\sad_089.wav,sad,22050,2.5
290,D:\Intern tasks\Task2_Emotion_Recognition_from_Speech\data\audio_samples\sad\sad_090.wav,sad\sad_090.wav,sad,22050,2.5
291,D:\Intern tasks\Task2_Emotion_Recognition_from_Speech\data\audio_samples\sad\sad_091.wav,sad\sad_091.wav,sad,22050,2.5
292,D:\Intern tasks\Task2_Emotion_Recognition_from_Speech\data\audio_samples\sad\sad_092.wav,sad\sad_092.wav,sad,22050,2.5
293,D:\Intern tasks\Task2_Emotion_Recognition_from_Speech\data\audio_samples\sad\sad_093.wav,sad\sad_093.wav,sad,22050,2.5
294,D:\Intern tasks\Task2_Emotion_Recognition_from_Speech\data\audio_samples\sad\sad_094.wav,sad\sad_094.wav,sad,22050,2.5
295,D:\Intern tasks\Task2_Emotion_Recognition_from_Speech\data\audio_samples\sad\sad_095.wav,sad\sad_095.wav,sad,22050,2.5
296,D:\Intern tasks\Task2_Emotion_Recognition_from_Speech\data\audio_samples\sad\sad_096.wav,sad\sad_096.wav,sad,22050,2.5
297,D:\Intern tasks\Task2_Emotion_Recognition_from_Speech\data\audio_samples\sad\sad_097.wav,sad\sad_097.wav,sad,22050,2.5
298,D:\Intern tasks\Task2_Emotion_Recognition_from_Speech\data\audio_samples\sad\sad_098.wav,sad\sad_098.wav,sad,22050,2.5
299,D:\Intern tasks\Task2_Emotion_Recognition_from_Speech\data\audio_samples\sad\sad_099.wav,sad\sad_099.wav,sad,22050,2.5
300,D:\Intern tasks\Task2_Emotion_Recognition_from_Speech\data\audio_samples\sad\sad_100.wav,sad\sad_100.wav,sad,22050,2.5
301,D:\Intern tasks\Task2_Emotion_Recognition_from_Speech\data\audio_samples\angry\angry_001.wav,angry\angry_001.wav,angry,22050,2.5
302,D:\Intern tasks\Task2_Emotion_Recognition_from_Speech\data\audio_samples\angry\angry_002.wav,angry\angry_002.wav,angry,22050,2.5
303,D:\Intern tasks\Task2_Emotion_Recognition_from_Speech\data\audio_samples\angry\angry_003.wav,angry\angry_003.wav,angry,22050,2.5
304,D:\Intern tasks\Task2_Emotion_Recognition_from_Speech\data\audio_samples\angry\angry_004.wav,angry\angry_004.wav,angry,22050,2.5
305,D:\Intern tasks\Task2_Emotion_Recognition_from_Speech\data\audio_samples\angry\angry_005.wav,angry\angry_005.wav,angry,22050,2.5
306,D:\Intern tasks\Task2_Emotion_Recognition_from_Speech\data\audio_samples\angry\angry_006.wav,angry\angry_006.wav,angry,22050,2.5
307,D:\Intern tasks\Task2_Emotion_Recognition_from_Speech\data\audio_samples\angry\angry_007.wav,angry\angry_007.wav,angry,22050,2.5
308,D:\Intern tasks\Task2_Emotion_Recognition_from_Speech\data\audio_samples\angry\angry_008.wav,angry\angry_008.wav,angry,22050,2.5
309,D:\Intern tasks\Task2_Emotion_Recognition_from_Speech\data\audio_samples\angry\angry_009.wav,angry\angry_009.wav,angry,22050,2.5
310,D:\Intern tasks\Task2_Emotion_Recognition_from_Speech\data\audio_samples\angry\angry_010.wav,angry\angry_010.wav,angry,22050,2.5
311,D:\Intern tasks\Task2_Emotion_Recognition_from_Speech\data\audio_samples\angry\angry_011.wav,angry\angry_011.wav,angry,22050,2.5
312,D:\Intern tasks\Task2_Emotion_Recognition_from_Speech\data\audio_samples\angry\angry_012.wav,angry\angry_012.wav,angry,22050,2.5
313,D:\Intern tasks\Task2_Emotion_Recognition_from_Speech\data\audio_samples\angry\angry_013.wav,angry\angry_013.wav,angry,22050,2.5
314,D:\Intern tasks\Task2_Emotion_Recognition_from_Speech\data\audio_samples\angry\angry_014.wav,angry\angry_014.wav,angry,22050,2.5
315,D:\Intern tasks\Task2_Emotion_Recognition_from_Speech\data\audio_samples\angry\angry_015.wav,angry\angry_015.wav,angry,22050,2.5
316,D:\Intern tasks\Task2_Emotion_Recognition_from_Speech\data\audio_samples\angry\angry_016.wav,angry\angry_016.wav,angry,22050,2.5
317,D:\Intern tasks\Task2_Emotion_Recognition_from_Speech\data\audio_samples\angry\angry_017.wav,angry\angry_017.wav,angry,22050,2.5
318,D:\Intern tasks\Task2_Emotion_Recognition_from_Speech\data\audio_samples\angry\angry_018.wav,angry\angry_018.wav,angry,22050,2.5
319,D:\Intern tasks\Task2_Emotion_Recognition_from_Speech\data\audio_samples\angry\angry_019.wav,angry\angry_019.wav,angry,22050,2.5
320,D:\Intern tasks\Task2_Emotion_Recognition_from_Speech\data\audio_samples\angry\angry_020.wav,angry\angry_020.wav,angry,22050,2.5
321,D:\Intern tasks\Task2_Emotion_Recognition_from_Speech\data\audio_samples\angry\angry_021.wav,angry\angry_021.wav,angry,22050,2.5
322,D:\Intern tasks\Task2_Emotion_Recognition_from_Speech\data\audio_samples\angry\angry_022.wav,angry\angry_022.wav,angry,22050,2.5
323,D:\Intern tasks\Task2_Emotion_Recognition_from_Speech\data\audio_samples\angry\angry_023.wav,angry\angry_023.wav,angry,22050,2.5
324,D:\Intern tasks\Task2_Emotion_Recognition_from_Speech\data\audio_samples\angry\angry_024.wav,angry\angry_024.wav,angry,22050,2.5
325,D:\Intern tasks\Task2_Emotion_Recognition_from_Speech\data\audio_samples\angry\angry_025.wav,angry\angry_025.wav,angry,22050,2.5
326,D:\Intern tasks\Task2_Emotion_Recognition_from_Speech\data\audio_samples\angry\angry_026.wav,angry\angry_026.wav,angry,22050,2.5
327,D:\Intern tasks\Task2_Emotion_Recognition_from_Speech\data\audio_samples\angry\angry_027.wav,angry\angry_027.wav,angry,22050,2.5
328,D:\Intern tasks\Task2_Emotion_Recognition_from_Speech\data\audio_samples\angry\angry_028.wav,angry\angry_028.wav,angry,22050,2.5
329,D:\Intern tasks\Task2_Emotion_Recognition_from_Speech\data\audio_samples\angry\angry_029.wav,angry\angry_029.wav,angry,22050,2.5
330,D:\Intern tasks\Task2_Emotion_Recognition_from_Speech\data\audio_samples\angry\angry_030.wav,angry\angry_030.wav,angry,22050,2.5
331,D:\Intern tasks\Task2_Emotion_Recognition_from_Speech\data\audio_samples\angry\angry_031.wav,angry\angry_031.wav,angry,22050,2.5
332,D:\Intern tasks\Task2_Emotion_Recognition_from_Speech\data\audio_samples\angry\angry_032.wav,angry\angry_032.wav,angry,22050,2.5
333,D:\Intern tasks\Task2_Emotion_Recognition_from_Speech\data\audio_samples\angry\angry_033.wav,angry\angry_033.wav,angry,22050,2.5
334,D:\Intern tasks\Task2_Emotion_Recognition_from_Speech\data\audio_samples\angry\angry_034.wav,angry\angry_034.wav,angry,22050,2.5
335,D:\Intern tasks\Task2_Emotion_Recognition_from_Speech\data\audio_samples\angry\angry_035.wav,angry\angry_035.wav,angry,22050,2.5
336,D:\Intern tasks\Task2_Emotion_Recognition_from_Speech\data\audio_samples\angry\angry_036.wav,angry\angry_036.wav,angry,22050,2.5
337,D:\Intern tasks\Task2_Emotion_Recognition_from_Speech\data\audio_samples\angry\angry_037.wav,angry\angry_037.wav,angry,22050,2.5
338,D:\Intern tasks\Task2_Emotion_Recognition_from_Speech\data\audio_samples\angry\angry_038.wav,angry\angry_038.wav,angry,22050,2.5
339,D:\Intern tasks\Task2_Emotion_Recognition_from_Speech\data\audio_samples\angry\angry_039.wav,angry\angry_039.wav,angry,22050,2.5
340,D:\Intern tasks\Task2_Emotion_Recognition_from_Speech\data\audio_samples\angry\angry_040.wav,angry\angry_040.wav,angry,22050,2.5
341,D:\Intern tasks\Task2_Emotion_Recognition_from_Speech\data\audio_samples\angry\angry_041.wav,angry\angry_041.wav,angry,22050,2.5
342,D:\Intern tasks\Task2_Emotion_Recognition_from_Speech\data\audio_samples\angry\angry_042.wav,angry\angry_042.wav,angry,22050,2.5
343,D:\Intern tasks\Task2_Emotion_Recognition_from_Speech\data\audio_samples\angry\angry_043.wav,angry\angry_043.wav,angry,22050,2.5
344,D:\Intern tasks\Task2_Emotion_Recognition_from_Speech\data\audio_samples\angry\angry_044.wav,angry\angry_044.wav,angry,22050,2.5
345,D:\Intern tasks\Task2_Emotion_Recognition_from_Speech\data\audio_samples\angry\angry_045.wav,angry\angry_045.wav,angry,22050,2.5
346,D:\Intern tasks\Task2_Emotion_Recognition_from_Speech\data\audio_samples\angry\angry_046.wav,angry\angry_046.wav,angry,22050,2.5
347,D:\Intern tasks\Task2_Emotion_Recognition_from_Speech\data\audio_samples\angry\angry_047.wav,angry\angry_047.wav,angry,22050,2.5
348,D:\Intern tasks\Task2_Emotion_Recognition_from_Speech\data\audio_samples\angry\angry_048.wav,angry\angry_048.wav,angry,22050,2.5
349,D:\Intern tasks\Task2_Emotion_Recognition_from_Speech\data\audio_samples\angry\angry_049.wav,angry\angry_049.wav,angry,22050,2.5
350,D:\Intern tasks\Task2_Emotion_Recognition_from_Speech\data\audio_samples\angry\angry_050.wav,angry\angry_050.wav,angry,22050,2.5
351,D:\Intern tasks\Task2_Emotion_Recognition_from_Speech\data\audio_samples\angry\angry_051.wav,angry\angry_051.wav,angry,22050,2.5
352,D:\Intern tasks\Task2_Emotion_Recognition_from_Speech\data\audio_samples\angry\angry_052.wav,angry\angry_052.wav,angry,22050,2.5
353,D:\Intern tasks\Task2_Emotion_Recognition_from_Speech\data\audio_samples\angry\angry_053.wav,angry\angry_053.wav,angry,22050,2.5
354,D:\Intern tasks\Task2_Emotion_Recognition_from_Speech\data\audio_samples\angry\angry_054.wav,angry\angry_054.wav,angry,22050,2.5
355,D:\Intern tasks\Task2_Emotion_Recognition_from_Speech\data\audio_samples\angry\angry_055.wav,angry\angry_055.wav,angry,22050,2.5
356,D:\Intern tasks\Task2_Emotion_Recognition_from_Speech\data\audio_samples\angry\angry_056.wav,angry\angry_056.wav,angry,22050,2.5
357,D:\Intern tasks\Task2_Emotion_Recognition_from_Speech\data\audio_samples\angry\angry_057.wav,angry\angry_057.wav,angry,22050,2.5
358,D:\Intern tasks\Task2_Emotion_Recognition_from_Speech\data\audio_samples\angry\angry_058.wav,angry\angry_058.wav,angry,22050,2.5
359,D:\Intern tasks\Task2_Emotion_Recognition_from_Speech\data\audio_samples\angry\angry_059.wav,angry\angry_059.wav,angry,22050,2.5
360,D:\Intern tasks\Task2_Emotion_Recognition_from_Speech\data\audio_samples\angry\angry_060.wav,angry\angry_060.wav,angry,22050,2.5
361,D:\Intern tasks\Task2_Emotion_Recognition_from_Speech\data\audio_samples\angry\angry_061.wav,angry\angry_061.wav,angry,22050,2.5
362,D:\Intern tasks\Task2_Emotion_Recognition_from_Speech\data\audio_samples\angry\angry_062.wav,angry\angry_062.wav,angry,22050,2.5
363,D:\Intern tasks\Task2_Emotion_Recognition_from_Speech\data\audio_samples\angry\angry_063.wav,angry\angry_063.wav,angry,22050,2.5
364,D:\Intern tasks\Task2_Emotion_Recognition_from_Speech\data\audio_samples\angry\angry_064.wav,angry\angry_064.wav,angry,22050,2.5
365,D:\Intern tasks\Task2_Emotion_Recognition_from_Speech\data\audio_samples\angry\angry_065.wav,angry\angry_065.wav,angry,22050,2.5
366,D:\Intern tasks\Task2_Emotion_Recognition_from_Speech\data\audio_samples\angry\angry_066.wav,angry\angry_066.wav,angry,22050,2.5
367,D:\Intern tasks\Task2_Emotion_Recognition_from_Speech\data\audio_samples\angry\angry_067.wav,angry\angry_067.wav,angry,22050,2.5
368,D:\Intern tasks\Task2_Emotion_Recognition_from_Speech\data\audio_samples\angry\angry_068.wav,angry\angry_068.wav,angry,22050,2.5
369,D:\Intern tasks\Task2_Emotion_Recognition_from_Speech\data\audio_samples\angry\angry_069.wav,angry\angry_069.wav,angry,22050,2.5
370,D:\Intern tasks\Task2_Emotion_Recognition_from_Speech\data\audio_samples\angry\angry_070.wav,angry\angry_070.wav,angry,22050,2.5
371,D:\Intern tasks\Task2_Emotion_Recognition_from_Speech\data\audio_samples\angry\angry_071.wav,angry\angry_071.wav,angry,22050,2.5
372,D:\Intern tasks\Task2_Emotion_Recognition_from_Speech\data\audio_samples\angry\angry_072.wav,angry\angry_072.wav,angry,22050,2.5
373,D:\Intern tasks\Task2_Emotion_Recognition_from_Speech\data\audio_samples\angry\angry_073.wav,angry\angry_073.wav,angry,22050,2.5
374,D:\Intern tasks\Task2_Emotion_Recognition_from_Speech\data\audio_samples\angry\angry_074.wav,angry\angry_074.wav,angry,22050,2.5
375,D:\Intern tasks\Task2_Emotion_Recognition_from_Speech\data\audio_samples\angry\angry_075.wav,angry\angry_075.wav,angry,22050,2.5
376,D:\Intern tasks\Task2_Emotion_Recognition_from_Speech\data\audio_samples\angry\angry_076.wav,angry\angry_076.wav,angry,22050,2.5
377,D:\Intern tasks\Task2_Emotion_Recognition_from_Speech\data\audio_samples\angry\angry_077.wav,angry\angry_077.wav,angry,22050,2.5
378,D:\Intern tasks\Task2_Emotion_Recognition_from_Speech\data\audio_samples\angry\angry_078.wav,angry\angry_078.wav,angry,22050,2.5
379,D:\Intern tasks\Task2_Emotion_Recognition_from_Speech\data\audio_samples\angry\angry_079.wav,angry\angry_079.wav,angry,22050,2.5
380,D:\Intern tasks\Task2_Emotion_Recognition_from_Speech\data\audio_samples\angry\angry_080.wav,angry\angry_080.wav,angry,22050,2.5
381,D:\Intern tasks\Task2_Emotion_Recognition_from_Speech\data\audio_samples\angry\angry_081.wav,angry\angry_081.wav,angry,22050,2.5
382,D:\Intern tasks\Task2_Emotion_Recognition_from_Speech\data\audio_samples\angry\angry_082.wav,angry\angry_082.wav,angry,22050,2.5
383,D:\Intern tasks\Task2_Emotion_Recognition_from_Speech\data\audio_samples\angry\angry_083.wav,angry\angry_083.wav,angry,22050,2.5
384,D:\Intern tasks\Task2_Emotion_Recognition_from_Speech\data\audio_samples\angry\angry_084.wav,angry\angry_084.wav,angry,22050,2.5
385,D:\Intern tasks\Task2_Emotion_Recognition_from_Speech\data\audio_samples\angry\angry_085.wav,angry\angry_085.wav,angry,22050,2.5
386,D:\Intern tasks\Task2_Emotion_Recognition_from_Speech\data\audio_samples\angry\angry_086.wav,angry\angry_086.wav,angry,22050,2.5
387,D:\Intern tasks\Task2_Emotion_Recognition_from_Speech\data\audio_samples\angry\angry_087.wav,angry\angry_087.wav,angry,22050,2.5
388,D:\Intern tasks\Task2_Emotion_Recognition_from_Speech\data\audio_samples\angry\angry_088.wav,angry\angry_088.wav,angry,22050,2.5
389,D:\Intern tasks\Task2_Emotion_Recognition_from_Speech\data\audio_samples\angry\angry_089.wav,angry\angry_089.wav,angry,22050,2.5
390,D:\Intern tasks\Task2_Emotion_Recognition_from_Speech\data\audio_samples\angry\angry_090.wav,angry\angry_090.wav,angry,22050,2.5
391,D:\Intern tasks\Task2_Emotion_Recognition_from_Speech\data\audio_samples\angry\angry_091.wav,angry\angry_091.wav,angry,22050,2.5
392,D:\Intern tasks\Task2_Emotion_Recognition_from_Speech\data\audio_samples\angry\angry_092.wav,angry\angry_092.wav,angry,22050,2.5
393,D:\Intern tasks\Task2_Emotion_Recognition_from_Speech\data\audio_samples\angry\angry_093.wav,angry\angry_093.wav,angry,22050,2.5
394,D:\Intern tasks\Task2_Emotion_Recognition_from_Speech\data\audio_samples\angry\angry_094.wav,angry\angry_094.wav,angry,22050,2.5
395,D:\Intern tasks\Task2_Emotion_Recognition_from_Speech\data\audio_samples\angry\angry_095.wav,angry\angry_095.wav,angry,22050,2.5
396,D:\Intern tasks\Task2_Emotion_Recognition_from_Speech\data\audio_samples\angry\angry_096.wav,angry\angry_096.wav,angry,22050,2.5
397,D:\Intern tasks\Task2_Emotion_Recognition_from_Speech\data\audio_samples\angry\angry_097.wav,angry\angry_097.wav,angry,22050,2.5
398,D:\Intern tasks\Task2_Emotion_Recognition_from_Speech\data\audio_samples\angry\angry_098.wav,angry\angry_098.wav,angry,22050,2.5
399,D:\Intern tasks\Task2_Emotion_Recognition_from_Speech\data\audio_samples\angry\angry_099.wav,angry\angry_099.wav,angry,22050,2.5
400,D:\Intern tasks\Task2_Emotion_Recognition_from_Speech\data\audio_samples\angry\angry_100.wav,angry\angry_100.wav,angry,22050,2.5
401,D:\Intern tasks\Task2_Emotion_Recognition_from_Speech\data\audio_samples\fear\fear_001.wav,fear\fear_001.wav,fear,22050,2.5
402,D:\Intern tasks\Task2_Emotion_Recognition_from_Speech\data\audio_samples\fear\fear_002.wav,fear\fear_002.wav,fear,22050,2.5
403,D:\Intern tasks\Task2_Emotion_Recognition_from_Speech\data\audio_samples\fear\fear_003.wav,fear\fear_003.wav,fear,22050,2.5
404,D:\Intern tasks\Task2_Emotion_Recognition_from_Speech\data\audio_samples\fear\fear_004.wav,fear\fear_004.wav,fear,22050,2.5
405,D:\Intern tasks\Task2_Emotion_Recognition_from_Speech\data\audio_samples\fear\fear_005.wav,fear\fear_005.wav,fear,22050,2.5
406,D:\Intern tasks\Task2_Emotion_Recognition_from_Speech\data\audio_samples\fear\fear_006.wav,fear\fear_006.wav,fear,22050,2.5
407,D:\Intern tasks\Task2_Emotion_Recognition_from_Speech\data\audio_samples\fear\fear_007.wav,fear\fear_007.wav,fear,22050,2.5
408,D:\Intern tasks\Task2_Emotion_Recognition_from_Speech\data\audio_samples\fear\fear_008.wav,fear\fear_008.wav,fear,22050,2.5
409,D:\Intern tasks\Task2_Emotion_Recognition_from_Speech\data\audio_samples\fear\fear_009.wav,fear\fear_009.wav,fear,22050,2.5
410,D:\Intern tasks\Task2_Emotion_Recognition_from_Speech\data\audio_samples\fear\fear_010.wav,fear\fear_010.wav,fear,22050,2.5
411,D:\Intern tasks\Task2_Emotion_Recognition_from_Speech\data\audio_samples\fear\fear_011.wav,fear\fear_011.wav,fear,22050,2.5
412,D:\Intern tasks\Task2_Emotion_Recognition_from_Speech\data\audio_samples\fear\fear_012.wav,fear\fear_012.wav,fear,22050,2.5
413,D:\Intern tasks\Task2_Emotion_Recognition_from_Speech\data\audio_samples\fear\fear_013.wav,fear\fear_013.wav,fear,22050,2.5
414,D:\Intern tasks\Task2_Emotion_Recognition_from_Speech\data\audio_samples\fear\fear_014.wav,fear\fear_014.wav,fear,22050,2.5
415,D:\Intern tasks\Task2_Emotion_Recognition_from_Speech\data\audio_samples\fear\fear_015.wav,fear\fear_015.wav,fear,22050,2.5
416,D:\Intern tasks\Task2_Emotion_Recognition_from_Speech\data\audio_samples\fear\fear_016.wav,fear\fear_016.wav,fear,22050,2.5
417,D:\Intern tasks\Task2_Emotion_Recognition_from_Speech\data\audio_samples\fear\fear_017.wav,fear\fear_017.wav,fear,22050,2.5
418,D:\Intern tasks\Task2_Emotion_Recognition_from_Speech\data\audio_samples\fear\fear_018.wav,fear\fear_018.wav,fear,22050,2.5
419,D:\Intern tasks\Task2_Emotion_Recognition_from_Speech\data\audio_samples\fear\fear_019.wav,fear\fear_019.wav,fear,22050,2.5
420,D:\Intern tasks\Task2_Emotion_Recognition_from_Speech\data\audio_samples\fear\fear_020.wav,fear\fear_020.wav,fear,22050,2.5
421,D:\Intern tasks\Task2_Emotion_Recognition_from_Speech\data\audio_samples\fear\fear_021.wav,fear\fear_021.wav,fear,22050,2.5
422,D:\Intern tasks\Task2_Emotion_Recognition_from_Speech\data\audio_samples\fear\fear_022.wav,fear\fear_022.wav,fear,22050,2.5
423,D:\Intern tasks\Task2_Emotion_Recognition_from_Speech\data\audio_samples\fear\fear_023.wav,fear\fear_023.wav,fear,22050,2.5
424,D:\Intern tasks\Task2_Emotion_Recognition_from_Speech\data\audio_samples\fear\fear_024.wav,fear\fear_024.wav,fear,22050,2.5
425,D:\Intern tasks\Task2_Emotion_Recognition_from_Speech\data\audio_samples\fear\fear_025.wav,fear\fear_025.wav,fear,22050,2.5
426,D:\Intern tasks\Task2_Emotion_Recognition_from_Speech\data\audio_samples\fear\fear_026.wav,fear\fear_026.wav,fear,22050,2.5
427,D:\Intern tasks\Task2_Emotion_Recognition_from_Speech\data\audio_samples\fear\fear_027.wav,fear\fear_027.wav,fear,22050,2.5
428,D:\Intern tasks\Task2_Emotion_Recognition_from_Speech\data\audio_samples\fear\fear_028.wav,fear\fear_028.wav,fear,22050,2.5
429,D:\Intern tasks\Task2_Emotion_Recognition_from_Speech\data\audio_samples\fear\fear_029.wav,fear\fear_029.wav,fear,22050,2.5
430,D:\Intern tasks\Task2_Emotion_Recognition_from_Speech\data\audio_samples\fear\fear_030.wav,fear\fear_030.wav,fear,22050,2.5
431,D:\Intern tasks\Task2_Emotion_Recognition_from_Speech\data\audio_samples\fear\fear_031.wav,fear\fear_031.wav,fear,22050,2.5
432,D:\Intern tasks\Task2_Emotion_Recognition_from_Speech\data\audio_samples\fear\fear_032.wav,fear\fear_032.wav,fear,22050,2.5
433,D:\Intern tasks\Task2_Emotion_Recognition_from_Speech\data\audio_samples\fear\fear_033.wav,fear\fear_033.wav,fear,22050,2.5
434,D:\Intern tasks\Task2_Emotion_Recognition_from_Speech\data\audio_samples\fear\fear_034.wav,fear\fear_034.wav,fear,22050,2.5
435,D:\Intern tasks\Task2_Emotion_Recognition_from_Speech\data\audio_samples\fear\fear_035.wav,fear\fear_035.wav,fear,22050,2.5
436,D:\Intern tasks\Task2_Emotion_Recognition_from_Speech\data\audio_samples\fear\fear_036.wav,fear\fear_036.wav,fear,22050,2.5
437,D:\Intern tasks\Task2_Emotion_Recognition_from_Speech\data\audio_samples\fear\fear_037.wav,fear\fear_037.wav,fear,22050,2.5
438,D:\Intern tasks\Task2_Emotion_Recognition_from_Speech\data\audio_samples\fear\fear_038.wav,fear\fear_038.wav,fear,22050,2.5
439,D:\Intern tasks\Task2_Emotion_Recognition_from_Speech\data\audio_samples\fear\fear_039.wav,fear\fear_039.wav,fear,22050,2.5
440,D:\Intern tasks\Task2_Emotion_Recognition_from_Speech\data\audio_samples\fear\fear_040.wav,fear\fear_040.wav,fear,22050,2.5
441,D:\Intern tasks\Task2_Emotion_Recognition_from_Speech\data\audio_samples\fear\fear_041.wav,fear\fear_041.wav,fear,22050,2.5
442,D:\Intern tasks\Task2_Emotion_Recognition_from_Speech\data\audio_samples\fear\fear_042.wav,fear\fear_042.wav,fear,22050,2.5
443,D:\Intern tasks\Task2_Emotion_Recognition_from_Speech\data\audio_samples\fear\fear_043.wav,fear\fear_043.wav,fear,22050,2.5
444,D:\Intern tasks\Task2_Emotion_Recognition_from_Speech\data\audio_samples\fear\fear_044.wav,fear\fear_044.wav,fear,22050,2.5
445,D:\Intern tasks\Task2_Emotion_Recognition_from_Speech\data\audio_samples\fear\fear_045.wav,fear\fear_045.wav,fear,22050,2.5
446,D:\Intern tasks\Task2_Emotion_Recognition_from_Speech\data\audio_samples\fear\fear_046.wav,fear\fear_046.wav,fear,22050,2.5
447,D:\Intern tasks\Task2_Emotion_Recognition_from_Speech\data\audio_samples\fear\fear_047.wav,fear\fear_047.wav,fear,22050,2.5
448,D:\Intern tasks\Task2_Emotion_Recognition_from_Speech\data\audio_samples\fear\fear_048.wav,fear\fear_048.wav,fear,22050,2.5
449,D:\Intern tasks\Task2_Emotion_Recognition_from_Speech\data\audio_samples\fear\fear_049.wav,fear\fear_049.wav,fear,22050,2.5
450,D:\Intern tasks\Task2_Emotion_Recognition_from_Speech\data\audio_samples\fear\fear_050.wav,fear\fear_050.wav,fear,22050,2.5
451,D:\Intern tasks\Task2_Emotion_Recognition_from_Speech\data\audio_samples\fear\fear_051.wav,fear\fear_051.wav,fear,22050,2.5
452,D:\Intern tasks\Task2_Emotion_Recognition_from_Speech\data\audio_samples\fear\fear_052.wav,fear\fear_052.wav,fear,22050,2.5
453,D:\Intern tasks\Task2_Emotion_Recognition_from_Speech\data\audio_samples\fear\fear_053.wav,fear\fear_053.wav,fear,22050,2.5
454,D:\Intern tasks\Task2_Emotion_Recognition_from_Speech\data\audio_samples\fear\fear_054.wav,fear\fear_054.wav,fear,22050,2.5
455,D:\Intern tasks\Task2_Emotion_Recognition_from_Speech\data\audio_samples\fear\fear_055.wav,fear\fear_055.wav,fear,22050,2.5
456,D:\Intern tasks\Task2_Emotion_Recognition_from_Speech\data\audio_samples\fear\fear_056.wav,fear\fear_056.wav,fear,22050,2.5
457,D:\Intern tasks\Task2_Emotion_Recognition_from_Speech\data\audio_samples\fear\fear_057.wav,fear\fear_057.wav,fear,22050,2.5
458,D:\Intern tasks\Task2_Emotion_Recognition_from_Speech\data\audio_samples\fear\fear_058.wav,fear\fear_058.wav,fear,22050,2.5
459,D:\Intern tasks\Task2_Emotion_Recognition_from_Speech\data\audio_samples\fear\fear_059.wav,fear\fear_059.wav,fear,22050,2.5
460,D:\Intern tasks\Task2_Emotion_Recognition_from_Speech\data\audio_samples\fear\fear_060.wav,fear\fear_060.wav,fear,22050,2.5
461,D:\Intern tasks\Task2_Emotion_Recognition_from_Speech\data\audio_samples\fear\fear_061.wav,fear\fear_061.wav,fear,22050,2.5
462,D:\Intern tasks\Task2_Emotion_Recognition_from_Speech\data\audio_samples\fear\fear_062.wav,fear\fear_062.wav,fear,22050,2.5
463,D:\Intern tasks\Task2_Emotion_Recognition_from_Speech\data\audio_samples\fear\fear_063.wav,fear\fear_063.wav,fear,22050,2.5
464,D:\Intern tasks\Task2_Emotion_Recognition_from_Speech\data\audio_samples\fear\fear_064.wav,fear\fear_064.wav,fear,22050,2.5
465,D:\Intern tasks\Task2_Emotion_Recognition_from_Speech\data\audio_samples\fear\fear_065.wav,fear\fear_065.wav,fear,22050,2.5
466,D:\Intern tasks\Task2_Emotion_Recognition_from_Speech\data\audio_samples\fear\fear_066.wav,fear\fear_066.wav,fear,22050,2.5
467,D:\Intern tasks\Task2_Emotion_Recognition_from_Speech\data\audio_samples\fear\fear_067.wav,fear\fear_067.wav,fear,22050,2.5
468,D:\Intern tasks\Task2_Emotion_Recognition_from_Speech\data\audio_samples\fear\fear_068.wav,fear\fear_068.wav,fear,22050,2.5
469,D:\Intern tasks\Task2_Emotion_Recognition_from_Speech\data\audio_samples\fear\fear_069.wav,fear\fear_069.wav,fear,22050,2.5
470,D:\Intern tasks\Task2_Emotion_Recognition_from_Speech\data\audio_samples\fear\fear_070.wav,fear\fear_070.wav,fear,22050,2.5
471,D:\Intern tasks\Task2_Emotion_Recognition_from_Speech\data\audio_samples\fear\fear_071.wav,fear\fear_071.wav,fear,22050,2.5
472,D:\Intern tasks\Task2_Emotion_Recognition_from_Speech\data\audio_samples\fear\fear_072.wav,fear\fear_072.wav,fear,22050,2.5
473,D:\Intern tasks\Task2_Emotion_Recognition_from_Speech\data\audio_samples\fear\fear_073.wav,fear\fear_073.wav,fear,22050,2.5
474,D:\Intern tasks\Task2_Emotion_Recognition_from_Speech\data\audio_samples\fear\fear_074.wav,fear\fear_074.wav,fear,22050,2.5
475,D:\Intern tasks\Task2_Emotion_Recognition_from_Speech\data\audio_samples\fear\fear_075.wav,fear\fear_075.wav,fear,22050,2.5
476,D:\Intern tasks\Task2_Emotion_Recognition_from_Speech\data\audio_samples\fear\fear_076.wav,fear\fear_076.wav,fear,22050,2.5
477,D:\Intern tasks\Task2_Emotion_Recognition_from_Speech\data\audio_samples\fear\fear_077.wav,fear\fear_077.wav,fear,22050,2.5
478,D:\Intern tasks\Task2_Emotion_Recognition_from_Speech\data\audio_samples\fear\fear_078.wav,fear\fear_078.wav,fear,22050,2.5
479,D:\Intern tasks\Task2_Emotion_Recognition_from_Speech\data\audio_samples\fear\fear_079.wav,fear\fear_079.wav,fear,22050,2.5
480,D:\Intern tasks\Task2_Emotion_Recognition_from_Speech\data\audio_samples\fear\fear_080.wav,fear\fear_080.wav,fear,22050,2.5
481,D:\Intern tasks\Task2_Emotion_Recognition_from_Speech\data\audio_samples\fear\fear_081.wav,fear\fear_081.wav,fear,22050,2.5
482,D:\Intern tasks\Task2_Emotion_Recognition_from_Speech\data\audio_samples\fear\fear_082.wav,fear\fear_082.wav,fear,22050,2.5
483,D:\Intern tasks\Task2_Emotion_Recognition_from_Speech\data\audio_samples\fear\fear_083.wav,fear\fear_083.wav,fear,22050,2.5
484,D:\Intern tasks\Task2_Emotion_Recognition_from_Speech\data\audio_samples\fear\fear_084.wav,fear\fear_084.wav,fear,22050,2.5
485,D:\Intern tasks\Task2_Emotion_Recognition_from_Speech\data\audio_samples\fear\fear_085.wav,fear\fear_085.wav,fear,22050,2.5
486,D:\Intern tasks\Task2_Emotion_Recognition_from_Speech\data\audio_samples\fear\fear_086.wav,fear\fear_086.wav,fear,22050,2.5
487,D:\Intern tasks\Task2_Emotion_Recognition_from_Speech\data\audio_samples\fear\fear_087.wav,fear\fear_087.wav,fear,22050,2.5
488,D:\Intern tasks\Task2_Emotion_Recognition_from_Speech\data\audio_samples\fear\fear_088.wav,fear\fear_088.wav,fear,22050,2.5
489,D:\Intern tasks\Task2_Emotion_Recognition_from_Speech\data\audio_samples\fear\fear_089.wav,fear\fear_089.wav,fear,22050,2.5
490,D:\Intern tasks\Task2_Emotion_Recognition_from_Speech\data\audio_samples\fear\fear_090.wav,fear\fear_090.wav,fear,22050,2.5
491,D:\Intern tasks\Task2_Emotion_Recognition_from_Speech\data\audio_samples\fear\fear_091.wav,fear\fear_091.wav,fear,22050,2.5
492,D:\Intern tasks\Task2_Emotion_Recognition_from_Speech\data\audio_samples\fear\fear_092.wav,fear\fear_092.wav,fear,22050,2.5
493,D:\Intern tasks\Task2_Emotion_Recognition_from_Speech\data\audio_samples\fear\fear_093.wav,fear\fear_093.wav,fear,22050,2.5
494,D:\Intern tasks\Task2_Emotion_Recognition_from_Speech\data\audio_samples\fear\fear_094.wav,fear\fear_094.wav,fear,22050,2.5
495,D:\Intern tasks\Task2_Emotion_Recognition_from_Speech\data\audio_samples\fear\fear_095.wav,fear\fear_095.wav,fear,22050,2.5
496,D:\Intern tasks\Task2_Emotion_Recognition_from_Speech\data\audio_samples\fear\fear_096.wav,fear\fear_096.wav,fear,22050,2.5
497,D:\Intern tasks\Task2_Emotion_Recognition_from_Speech\data\audio_samples\fear\fear_097.wav,fear\fear_097.wav,fear,22050,2.5
498,D:\Intern tasks\Task2_Emotion_Recognition_from_Speech\data\audio_samples\fear\fear_098.wav,fear\fear_098.wav,fear,22050,2.5
499,D:\Intern tasks\Task2_Emotion_Recognition_from_Speech\data\audio_samples\fear\fear_099.wav,fear\fear_099.wav,fear,22050,2.5
500,D:\Intern tasks\Task2_Emotion_Recognition_from_Speech\data\audio_samples\fear\fear_100.wav,fear\fear_100.wav,fear,22050,2.5
501,D:\Intern tasks\Task2_Emotion_Recognition_from_Speech\data\audio_samples\surprise\surprise_001.wav,surprise\surprise_001.wav,surprise,22050,2.5
502,D:\Intern tasks\Task2_Emotion_Recognition_from_Speech\data\audio_samples\surprise\surprise_002.wav,surprise\surprise_002.wav,surprise,22050,2.5
503,D:\Intern tasks\Task2_Emotion_Recognition_from_Speech\data\audio_samples\surprise\surprise_003.wav,surprise\surprise_003.wav,surprise,22050,2.5
504,D:\Intern tasks\Task2_Emotion_Recognition_from_Speech\data\audio_samples\surprise\surprise_004.wav,surprise\surprise_004.wav,surprise,22050,2.5
505,D:\Intern tasks\Task2_Emotion_Recognition_from_Speech\data\audio_samples\surprise\surprise_005.wav,surprise\surprise_005.wav,surprise,22050,2.5
506,D:\Intern tasks\Task2_Emotion_Recognition_from_Speech\data\audio_samples\surprise\surprise_006.wav,surprise\surprise_006.wav,surprise,22050,2.5
507,D:\Intern tasks\Task2_Emotion_Recognition_from_Speech\data\audio_samples\surprise\surprise_007.wav,surprise\surprise_007.wav,surprise,22050,2.5
508,D:\Intern tasks\Task2_Emotion_Recognition_from_Speech\data\audio_samples\surprise\surprise_008.wav,surprise\surprise_008.wav,surprise,22050,2.5
509,D:\Intern tasks\Task2_Emotion_Recognition_from_Speech\data\audio_samples\surprise\surprise_009.wav,surprise\surprise_009.wav,surprise,22050,2.5
510,D:\Intern tasks\Task2_Emotion_Recognition_from_Speech\data\audio_samples\surprise\surprise_010.wav,surprise\surprise_010.wav,surprise,22050,2.5
511,D:\Intern tasks\Task2_Emotion_Recognition_from_Speech\data\audio_samples\surprise\surprise_011.wav,surprise\surprise_011.wav,surprise,22050,2.5
512,D:\Intern tasks\Task2_Emotion_Recognition_from_Speech\data\audio_samples\surprise\surprise_012.wav,surprise\surprise_012.wav,surprise,22050,2.5
513,D:\Intern tasks\Task2_Emotion_Recognition_from_Speech\data\audio_samples\surprise\surprise_013.wav,surprise\surprise_013.wav,surprise,22050,2.5
514,D:\Intern tasks\Task2_Emotion_Recognition_from_Speech\data\audio_samples\surprise\surprise_014.wav,surprise\surprise_014.wav,surprise,22050,2.5
515,D:\Intern tasks\Task2_Emotion_Recognition_from_Speech\data\audio_samples\surprise\surprise_015.wav,surprise\surprise_015.wav,surprise,22050,2.5
516,D:\Intern tasks\Task2_Emotion_Recognition_from_Speech\data\audio_samples\surprise\surprise_016.wav,surprise\surprise_016.wav,surprise,22050,2.5
517,D:\Intern tasks\Task2_Emotion_Recognition_from_Speech\data\audio_samples\surprise\surprise_017.wav,surprise\surprise_017.wav,surprise,22050,2.5
518,D:\Intern tasks\Task2_Emotion_Recognition_from_Speech\data\audio_samples\surprise\surprise_018.wav,surprise\surprise_018.wav,surprise,22050,2.5
519,D:\Intern tasks\Task2_Emotion_Recognition_from_Speech\data\audio_samples\surprise\surprise_019.wav,surprise\surprise_019.wav,surprise,22050,2.5
520,D:\Intern tasks\Task2_Emotion_Recognition_from_Speech\data\audio_samples\surprise\surprise_020.wav,surprise\surprise_020.wav,surprise,22050,2.5
521,D:\Intern tasks\Task2_Emotion_Recognition_from_Speech\data\audio_samples\surprise\surprise_021.wav,surprise\surprise_021.wav,surprise,22050,2.5
522,D:\Intern tasks\Task2_Emotion_Recognition_from_Speech\data\audio_samples\surprise\surprise_022.wav,surprise\surprise_022.wav,surprise,22050,2.5
523,D:\Intern tasks\Task2_Emotion_Recognition_from_Speech\data\audio_samples\surprise\surprise_023.wav,surprise\surprise_023.wav,surprise,22050,2.5
524,D:\Intern tasks\Task2_Emotion_Recognition_from_Speech\data\audio_samples\surprise\surprise_024.wav,surprise\surprise_024.wav,surprise,22050,2.5
525,D:\Intern tasks\Task2_Emotion_Recognition_from_Speech\data\audio_samples\surprise\surprise_025.wav,surprise\surprise_025.wav,surprise,22050,2.5
526,D:\Intern tasks\Task2_Emotion_Recognition_from_Speech\data\audio_samples\surprise\surprise_026.wav,surprise\surprise_026.wav,surprise,22050,2.5
527,D:\Intern tasks\Task2_Emotion_Recognition_from_Speech\data\audio_samples\surprise\surprise_027.wav,surprise\surprise_027.wav,surprise,22050,2.5
528,D:\Intern tasks\Task2_Emotion_Recognition_from_Speech\data\audio_samples\surprise\surprise_028.wav,surprise\surprise_028.wav,surprise,22050,2.5
529,D:\Intern tasks\Task2_Emotion_Recognition_from_Speech\data\audio_samples\surprise\surprise_029.wav,surprise\surprise_029.wav,surprise,22050,2.5
530,D:\Intern tasks\Task2_Emotion_Recognition_from_Speech\data\audio_samples\surprise\surprise_030.wav,surprise\surprise_030.wav,surprise,22050,2.5
531,D:\Intern tasks\Task2_Emotion_Recognition_from_Speech\data\audio_samples\surprise\surprise_031.wav,surprise\surprise_031.wav,surprise,22050,2.5
532,D:\Intern tasks\Task2_Emotion_Recognition_from_Speech\data\audio_samples\surprise\surprise_032.wav,surprise\surprise_032.wav,surprise,22050,2.5
533,D:\Intern tasks\Task2_Emotion_Recognition_from_Speech\data\audio_samples\surprise\surprise_033.wav,surprise\surprise_033.wav,surprise,22050,2.5
534,D:\Intern tasks\Task2_Emotion_Recognition_from_Speech\data\audio_samples\surprise\surprise_034.wav,surprise\surprise_034.wav,surprise,22050,2.5
535,D:\Intern tasks\Task2_Emotion_Recognition_from_Speech\data\audio_samples\surprise\surprise_035.wav,surprise\surprise_035.wav,surprise,22050,2.5
536,D:\Intern tasks\Task2_Emotion_Recognition_from_Speech\data\audio_samples\surprise\surprise_036.wav,surprise\surprise_036.wav,surprise,22050,2.5
537,D:\Intern tasks\Task2_Emotion_Recognition_from_Speech\data\audio_samples\surprise\surprise_037.wav,surprise\surprise_037.wav,surprise,22050,2.5
538,D:\Intern tasks\Task2_Emotion_Recognition_from_Speech\data\audio_samples\surprise\surprise_038.wav,surprise\surprise_038.wav,surprise,22050,2.5
539,D:\Intern tasks\Task2_Emotion_Recognition_from_Speech\data\audio_samples\surprise\surprise_039.wav,surprise\surprise_039.wav,surprise,22050,2.5
540,D:\Intern tasks\Task2_Emotion_Recognition_from_Speech\data\audio_samples\surprise\surprise_040.wav,surprise\surprise_040.wav,surprise,22050,2.5
541,D:\Intern tasks\Task2_Emotion_Recognition_from_Speech\data\audio_samples\surprise\surprise_041.wav,surprise\surprise_041.wav,surprise,22050,2.5
542,D:\Intern tasks\Task2_Emotion_Recognition_from_Speech\data\audio_samples\surprise\surprise_042.wav,surprise\surprise_042.wav,surprise,22050,2.5
543,D:\Intern tasks\Task2_Emotion_Recognition_from_Speech\data\audio_samples\surprise\surprise_043.wav,surprise\surprise_043.wav,surprise,22050,2.5
544,D:\Intern tasks\Task2_Emotion_Recognition_from_Speech\data\audio_samples\surprise\surprise_044.wav,surprise\surprise_044.wav,surprise,22050,2.5
545,D:\Intern tasks\Task2_Emotion_Recognition_from_Speech\data\audio_samples\surprise\surprise_045.wav,surprise\surprise_045.wav,surprise,22050,2.5
546,D:\Intern tasks\Task2_Emotion_Recognition_from_Speech\data\audio_samples\surprise\surprise_046.wav,surprise\surprise_046.wav,surprise,22050,2.5
547,D:\Intern tasks\Task2_Emotion_Recognition_from_Speech\data\audio_samples\surprise\surprise_047.wav,surprise\surprise_047.wav,surprise,22050,2.5
548,D:\Intern tasks\Task2_Emotion_Recognition_from_Speech\data\audio_samples\surprise\surprise_048.wav,surprise\surprise_048.wav,surprise,22050,2.5
549,D:\Intern tasks\Task2_Emotion_Recognition_from_Speech\data\audio_samples\surprise\surprise_049.wav,surprise\surprise_049.wav,surprise,22050,2.5
550,D:\Intern tasks\Task2_Emotion_Recognition_from_Speech\data\audio_samples\surprise\surprise_050.wav,surprise\surprise_050.wav,surprise,22050,2.5
551,D:\Intern tasks\Task2_Emotion_Recognition_from_Speech\data\audio_samples\surprise\surprise_051.wav,surprise\surprise_051.wav,surprise,22050,2.5
552,D:\Intern tasks\Task2_Emotion_Recognition_from_Speech\data\audio_samples\surprise\surprise_052.wav,surprise\surprise_052.wav,surprise,22050,2.5
553,D:\Intern tasks\Task2_Emotion_Recognition_from_Speech\data\audio_samples\surprise\surprise_053.wav,surprise\surprise_053.wav,surprise,22050,2.5
554,D:\Intern tasks\Task2_Emotion_Recognition_from_Speech\data\audio_samples\surprise\surprise_054.wav,surprise\surprise_054.wav,surprise,22050,2.5
555,D:\Intern tasks\Task2_Emotion_Recognition_from_Speech\data\audio_samples\surprise\surprise_055.wav,surprise\surprise_055.wav,surprise,22050,2.5
556,D:\Intern tasks\Task2_Emotion_Recognition_from_Speech\data\audio_samples\surprise\surprise_056.wav,surprise\surprise_056.wav,surprise,22050,2.5
557,D:\Intern tasks\Task2_Emotion_Recognition_from_Speech\data\audio_samples\surprise\surprise_057.wav,surprise\surprise_057.wav,surprise,22050,2.5
558,D:\Intern tasks\Task2_Emotion_Recognition_from_Speech\data\audio_samples\surprise\surprise_058.wav,surprise\surprise_058.wav,surprise,22050,2.5
559,D:\Intern tasks\Task2_Emotion_Recognition_from_Speech\data\audio_samples\surprise\surprise_059.wav,surprise\surprise_059.wav,surprise,22050,2.5
560,D:\Intern tasks\Task2_Emotion_Recognition_from_Speech\data\audio_samples\surprise\surprise_060.wav,surprise\surprise_060.wav,surprise,22050,2.5
561,D:\Intern tasks\Task2_Emotion_Recognition_from_Speech\data\audio_samples\surprise\surprise_061.wav,surprise\surprise_061.wav,surprise,22050,2.5
562,D:\Intern tasks\Task2_Emotion_Recognition_from_Speech\data\audio_samples\surprise\surprise_062.wav,surprise\surprise_062.wav,surprise,22050,2.5
563,D:\Intern tasks\Task2_Emotion_Recognition_from_Speech\data\audio_samples\surprise\surprise_063.wav,surprise\surprise_063.wav,surprise,22050,2.5
564,D:\Intern tasks\Task2_Emotion_Recognition_from_Speech\data\audio_samples\surprise\surprise_064.wav,surprise\surprise_064.wav,surprise,22050,2.5
565,D:\Intern tasks\Task2_Emotion_Recognition_from_Speech\data\audio_samples\surprise\surprise_065.wav,surprise\surprise_065.wav,surprise,22050,2.5
566,D:\Intern tasks\Task2_Emotion_Recognition_from_Speech\data\audio_samples\surprise\surprise_066.wav,surprise\surprise_066.wav,surprise,22050,2.5
567,D:\Intern tasks\Task2_Emotion_Recognition_from_Speech\data\audio_samples\surprise\surprise_067.wav,surprise\surprise_067.wav,surprise,22050,2.5
568,D:\Intern tasks\Task2_Emotion_Recognition_from_Speech\data\audio_samples\surprise\surprise_068.wav,surprise\surprise_068.wav,surprise,22050,2.5
569,D:\Intern tasks\Task2_Emotion_Recognition_from_Speech\data\audio_samples\surprise\surprise_069.wav,surprise\surprise_069.wav,surprise,22050,2.5
570,D:\Intern tasks\Task2_Emotion_Recognition_from_Speech\data\audio_samples\surprise\surprise_070.wav,surprise\surprise_070.wav,surprise,22050,2.5
571,D:\Intern tasks\Task2_Emotion_Recognition_from_Speech\data\audio_samples\surprise\surprise_071.wav,surprise\surprise_071.wav,surprise,22050,2.5
572,D:\Intern tasks\Task2_Emotion_Recognition_from_Speech\data\audio_samples\surprise\surprise_072.wav,surprise\surprise_072.wav,surprise,22050,2.5
573,D:\Intern tasks\Task2_Emotion_Recognition_from_Speech\data\audio_samples\surprise\surprise_073.wav,surprise\surprise_073.wav,surprise,22050,2.5
574,D:\Intern tasks\Task2_Emotion_Recognition_from_Speech\data\audio_samples\surprise\surprise_074.wav,surprise\surprise_074.wav,surprise,22050,2.5
575,D:\Intern tasks\Task2_Emotion_Recognition_from_Speech\data\audio_samples\surprise\surprise_075.wav,surprise\surprise_075.wav,surprise,22050,2.5
576,D:\Intern tasks\Task2_Emotion_Recognition_from_Speech\data\audio_samples\surprise\surprise_076.wav,surprise\surprise_076.wav,surprise,22050,2.5
577,D:\Intern tasks\Task2_Emotion_Recognition_from_Speech\data\audio_samples\surprise\surprise_077.wav,surprise\surprise_077.wav,surprise,22050,2.5
578,D:\Intern tasks\Task2_Emotion_Recognition_from_Speech\data\audio_samples\surprise\surprise_078.wav,surprise\surprise_078.wav,surprise,22050,2.5
579,D:\Intern tasks\Task2_Emotion_Recognition_from_Speech\data\audio_samples\surprise\surprise_079.wav,surprise\surprise_079.wav,surprise,22050,2.5
580,D:\Intern tasks\Task2_Emotion_Recognition_from_Speech\data\audio_samples\surprise\surprise_080.wav,surprise\surprise_080.wav,surprise,22050,2.5
581,D:\Intern tasks\Task2_Emotion_Recognition_from_Speech\data\audio_samples\surprise\surprise_081.wav,surprise\surprise_081.wav,surprise,22050,2.5
582,D:\Intern tasks\Task2_Emotion_Recognition_from_Speech\data\audio_samples\surprise\surprise_082.wav,surprise\surprise_082.wav,surprise,22050,2.5
583,D:\Intern tasks\Task2_Emotion_Recognition_from_Speech\data\audio_samples\surprise\surprise_083.wav,surprise\surprise_083.wav,surprise,22050,2.5
584,D:\Intern tasks\Task2_Emotion_Recognition_from_Speech\data\audio_samples\surprise\surprise_084.wav,surprise\surprise_084.wav,surprise,22050,2.5
585,D:\Intern tasks\Task2_Emotion_Recognition_from_Speech\data\audio_samples\surprise\surprise_085.wav,surprise\surprise_085.wav,surprise,22050,2.5
586,D:\Intern tasks\Task2_Emotion_Recognition_from_Speech\data\audio_samples\surprise\surprise_086.wav,surprise\surprise_086.wav,surprise,22050,2.5
587,D:\Intern tasks\Task2_Emotion_Recognition_from_Speech\data\audio_samples\surprise\surprise_087.wav,surprise\surprise_087.wav,surprise,22050,2.5
588,D:\Intern tasks\Task2_Emotion_Recognition_from_Speech\data\audio_samples\surprise\surprise_088.wav,surprise\surprise_088.wav,surprise,22050,2.5
589,D:\Intern tasks\Task2_Emotion_Recognition_from_Speech\data\audio_samples\surprise\surprise_089.wav,surprise\surprise_089.wav,surprise,22050,2.5
590,D:\Intern tasks\Task2_Emotion_Recognition_from_Speech\data\audio_samples\surprise\surprise_090.wav,surprise\surprise_090.wav,surprise,22050,2.5
591,D:\Intern tasks\Task2_Emotion_Recognition_from_Speech\data\audio_samples\surprise\surprise_091.wav,surprise\surprise_091.wav,surprise,22050,2.5
592,D:\Intern tasks\Task2_Emotion_Recognition_from_Speech\data\audio_samples\surprise\surprise_092.wav,surprise\surprise_092.wav,surprise,22050,2.5
593,D:\Intern tasks\Task2_Emotion_Recognition_from_Speech\data\audio_samples\surprise\surprise_093.wav,surprise\surprise_093.wav,surprise,22050,2.5
594,D:\Intern tasks\Task2_Emotion_Recognition_from_Speech\data\audio_samples\surprise\surprise_094.wav,surprise\surprise_094.wav,surprise,22050,2.5
595,D:\Intern tasks\Task2_Emotion_Recognition_from_Speech\data\audio_samples\surprise\surprise_095.wav,surprise\surprise_095.wav,surprise,22050,2.5
596,D:\Intern tasks\Task2_Emotion_Recognition_from_Speech\data\audio_samples\surprise\surprise_096.wav,surprise\surprise_096.wav,surprise,22050,2.5
597,D:\Intern tasks\Task2_Emotion_Recognition_from_Speech\data\audio_samples\surprise\surprise_097.wav,surprise\surprise_097.wav,surprise,22050,2.5
598,D:\Intern tasks\Task2_Emotion_Recognition_from_Speech\data\audio_samples\surprise\surprise_098.wav,surprise\surprise_098.wav,surprise,22050,2.5
599,D:\Intern tasks\Task2_Emotion_Recognition_from_Speech\data\audio_samples\surprise\surprise_099.wav,surprise\surprise_099.wav,surprise,22050,2.5
600,D:\Intern tasks\Task2_Emotion_Recognition_from_Speech\data\audio_samples\surprise\surprise_100.wav,surprise\surprise_100.wav,surprise,22050,2.5
